staff_id,date,role,shift_start,shift_end
ST_1,2025-01-01,Tech,8:00,15:00
ST_2,2025-01-01,Pharmacist,10:00,12:00
ST_3,2025-01-01,Assistant,11:00,13:00
ST_4,2025-01-01,Tech,8:00,16:00
ST_5,2025-01-01,Assistant,9:00,15:00
ST_6,2025-01-01,Assistant,8:00,17:00
ST_7,2025-01-01,Pharmacist,9:00,18:00
ST_8,2025-01-01,Pharmacist,8:00,15:00
ST_9,2025-01-01,Tech,10:00,17:00
ST_10,2025-01-01,Tech,11:00,13:00
ST_11,2025-01-01,Pharmacist,10:00,18:00
ST_12,2025-01-01,Assistant,9:00,18:00
ST_13,2025-01-01,Assistant,8:00,15:00
ST_14,2025-01-01,Pharmacist,8:00,15:00
ST_15,2025-01-01,Tech,8:00,14:00
ST_16,2025-01-01,Pharmacist,9:00,12:00
ST_17,2025-01-01,Assistant,8:00,12:00
ST_18,2025-01-01,Pharmacist,11:00,19:00
ST_19,2025-01-01,Tech,11:00,13:00
ST_20,2025-01-01,Tech,9:00,17:00
ST_1,2025-01-02,Pharmacist,8:00,13:00
ST_2,2025-01-02,Tech,8:00,14:00
ST_3,2025-01-02,Pharmacist,9:00,12:00
ST_4,2025-01-02,Tech,8:00,15:00
ST_5,2025-01-02,Pharmacist,8:00,18:00
ST_6,2025-01-02,Pharmacist,8:00,18:00
ST_7,2025-01-02,Pharmacist,10:00,19:00
ST_8,2025-01-02,Assistant,11:00,14:00
ST_9,2025-01-02,Pharmacist,11:00,15:00
ST_10,2025-01-02,Tech,11:00,16:00
ST_11,2025-01-02,Tech,9:00,14:00
ST_12,2025-01-02,Assistant,10:00,15:00
ST_13,2025-01-02,Assistant,8:00,16:00
ST_14,2025-01-02,Tech,11:00,15:00
ST_15,2025-01-02,Pharmacist,8:00,19:00
ST_16,2025-01-02,Tech,8:00,12:00
ST_17,2025-01-02,Assistant,11:00,18:00
ST_18,2025-01-02,Tech,10:00,12:00
ST_19,2025-01-02,Assistant,10:00,13:00
ST_20,2025-01-02,Pharmacist,9:00,12:00
ST_1,2025-01-03,Pharmacist,11:00,16:00
ST_2,2025-01-03,Assistant,11:00,13:00
ST_3,2025-01-03,Pharmacist,11:00,18:00
ST_4,2025-01-03,Tech,11:00,19:00
ST_5,2025-01-03,Assistant,10:00,16:00
ST_6,2025-01-03,Tech,11:00,18:00
ST_7,2025-01-03,Assistant,11:00,14:00
ST_8,2025-01-03,Assistant,8:00,19:00
ST_9,2025-01-03,Pharmacist,9:00,14:00
ST_10,2025-01-03,Pharmacist,11:00,13:00
ST_11,2025-01-03,Tech,8:00,16:00
ST_12,2025-01-03,Assistant,8:00,12:00
ST_13,2025-01-03,Pharmacist,9:00,19:00
ST_14,2025-01-03,Pharmacist,9:00,17:00
ST_15,2025-01-03,Pharmacist,9:00,14:00
ST_16,2025-01-03,Assistant,11:00,17:00
ST_17,2025-01-03,Pharmacist,8:00,13:00
ST_18,2025-01-03,Pharmacist,9:00,14:00
ST_19,2025-01-03,Tech,9:00,18:00
ST_20,2025-01-03,Assistant,9:00,14:00
ST_1,2025-01-04,Assistant,8:00,14:00
ST_2,2025-01-04,Assistant,9:00,14:00
ST_3,2025-01-04,Tech,11:00,16:00
ST_4,2025-01-04,Tech,9:00,12:00
ST_5,2025-01-04,Pharmacist,11:00,14:00
ST_6,2025-01-04,Tech,9:00,15:00
ST_7,2025-01-04,Tech,8:00,13:00
ST_8,2025-01-04,Assistant,8:00,15:00
ST_9,2025-01-04,Tech,8:00,16:00
ST_10,2025-01-04,Pharmacist,9:00,17:00
ST_11,2025-01-04,Assistant,8:00,17:00
ST_12,2025-01-04,Tech,10:00,13:00
ST_13,2025-01-04,Tech,9:00,12:00
ST_14,2025-01-04,Assistant,11:00,14:00
ST_15,2025-01-04,Assistant,11:00,15:00
ST_16,2025-01-04,Tech,9:00,17:00
ST_17,2025-01-04,Pharmacist,8:00,18:00
ST_18,2025-01-04,Pharmacist,8:00,19:00
ST_19,2025-01-04,Tech,11:00,13:00
ST_20,2025-01-04,Assistant,11:00,17:00
ST_1,2025-01-05,Tech,8:00,19:00
ST_2,2025-01-05,Assistant,8:00,15:00
ST_3,2025-01-05,Assistant,10:00,17:00
ST_4,2025-01-05,Pharmacist,8:00,17:00
ST_5,2025-01-05,Assistant,10:00,18:00
ST_6,2025-01-05,Assistant,9:00,15:00
ST_7,2025-01-05,Assistant,8:00,18:00
ST_8,2025-01-05,Assistant,11:00,14:00
ST_9,2025-01-05,Tech,11:00,15:00
ST_10,2025-01-05,Assistant,9:00,15:00
ST_11,2025-01-05,Pharmacist,10:00,19:00
ST_12,2025-01-05,Assistant,8:00,18:00
ST_13,2025-01-05,Assistant,9:00,13:00
ST_14,2025-01-05,Pharmacist,9:00,19:00
ST_15,2025-01-05,Tech,11:00,16:00
ST_16,2025-01-05,Pharmacist,10:00,19:00
ST_17,2025-01-05,Assistant,10:00,18:00
ST_18,2025-01-05,Tech,11:00,13:00
ST_19,2025-01-05,Pharmacist,8:00,17:00
ST_20,2025-01-05,Assistant,10:00,14:00
ST_1,2025-01-06,Assistant,11:00,12:00
ST_2,2025-01-06,Tech,8:00,17:00
ST_3,2025-01-06,Assistant,8:00,17:00
ST_4,2025-01-06,Tech,11:00,17:00
ST_5,2025-01-06,Tech,10:00,18:00
ST_6,2025-01-06,Tech,9:00,17:00
ST_7,2025-01-06,Assistant,8:00,19:00
ST_8,2025-01-06,Tech,11:00,16:00
ST_9,2025-01-06,Assistant,11:00,14:00
ST_10,2025-01-06,Assistant,10:00,19:00
ST_11,2025-01-06,Assistant,8:00,12:00
ST_12,2025-01-06,Pharmacist,8:00,19:00
ST_13,2025-01-06,Tech,10:00,16:00
ST_14,2025-01-06,Pharmacist,9:00,13:00
ST_15,2025-01-06,Assistant,10:00,13:00
ST_16,2025-01-06,Tech,9:00,19:00
ST_17,2025-01-06,Assistant,9:00,12:00
ST_18,2025-01-06,Assistant,10:00,12:00
ST_19,2025-01-06,Pharmacist,10:00,18:00
ST_20,2025-01-06,Tech,11:00,19:00
ST_1,2025-01-07,Tech,8:00,16:00
ST_2,2025-01-07,Pharmacist,8:00,13:00
ST_3,2025-01-07,Assistant,9:00,12:00
ST_4,2025-01-07,Tech,11:00,15:00
ST_5,2025-01-07,Pharmacist,9:00,15:00
ST_6,2025-01-07,Assistant,8:00,13:00
ST_7,2025-01-07,Pharmacist,11:00,14:00
ST_8,2025-01-07,Pharmacist,10:00,17:00
ST_9,2025-01-07,Assistant,8:00,17:00
ST_10,2025-01-07,Pharmacist,8:00,17:00
ST_11,2025-01-07,Assistant,10:00,13:00
ST_12,2025-01-07,Tech,8:00,12:00
ST_13,2025-01-07,Tech,11:00,17:00
ST_14,2025-01-07,Pharmacist,8:00,18:00
ST_15,2025-01-07,Tech,11:00,16:00
ST_16,2025-01-07,Assistant,11:00,12:00
ST_17,2025-01-07,Tech,10:00,16:00
ST_18,2025-01-07,Tech,11:00,17:00
ST_19,2025-01-07,Tech,9:00,14:00
ST_20,2025-01-07,Pharmacist,8:00,13:00
ST_1,2025-01-08,Pharmacist,11:00,13:00
ST_2,2025-01-08,Pharmacist,8:00,15:00
ST_3,2025-01-08,Pharmacist,10:00,17:00
ST_4,2025-01-08,Assistant,8:00,19:00
ST_5,2025-01-08,Assistant,10:00,14:00
ST_6,2025-01-08,Pharmacist,11:00,18:00
ST_7,2025-01-08,Pharmacist,11:00,17:00
ST_8,2025-01-08,Pharmacist,8:00,12:00
ST_9,2025-01-08,Tech,9:00,19:00
ST_10,2025-01-08,Pharmacist,8:00,17:00
ST_11,2025-01-08,Tech,8:00,15:00
ST_12,2025-01-08,Tech,8:00,12:00
ST_13,2025-01-08,Pharmacist,9:00,15:00
ST_14,2025-01-08,Tech,11:00,17:00
ST_15,2025-01-08,Pharmacist,8:00,18:00
ST_16,2025-01-08,Pharmacist,11:00,16:00
ST_17,2025-01-08,Assistant,8:00,12:00
ST_18,2025-01-08,Tech,11:00,14:00
ST_19,2025-01-08,Tech,10:00,12:00
ST_20,2025-01-08,Assistant,9:00,12:00
ST_1,2025-01-09,Tech,11:00,15:00
ST_2,2025-01-09,Assistant,11:00,14:00
ST_3,2025-01-09,Assistant,9:00,12:00
ST_4,2025-01-09,Pharmacist,9:00,19:00
ST_5,2025-01-09,Tech,9:00,16:00
ST_6,2025-01-09,Assistant,9:00,17:00
ST_7,2025-01-09,Assistant,8:00,19:00
ST_8,2025-01-09,Tech,11:00,15:00
ST_9,2025-01-09,Tech,11:00,13:00
ST_10,2025-01-09,Assistant,10:00,14:00
ST_11,2025-01-09,Assistant,8:00,18:00
ST_12,2025-01-09,Tech,9:00,17:00
ST_13,2025-01-09,Tech,8:00,16:00
ST_14,2025-01-09,Pharmacist,8:00,16:00
ST_15,2025-01-09,Pharmacist,10:00,12:00
ST_16,2025-01-09,Pharmacist,9:00,13:00
ST_17,2025-01-09,Pharmacist,10:00,18:00
ST_18,2025-01-09,Assistant,10:00,12:00
ST_19,2025-01-09,Assistant,8:00,16:00
ST_20,2025-01-09,Pharmacist,8:00,16:00
ST_1,2025-01-10,Tech,8:00,12:00
ST_2,2025-01-10,Pharmacist,9:00,17:00
ST_3,2025-01-10,Pharmacist,10:00,12:00
ST_4,2025-01-10,Assistant,10:00,19:00
ST_5,2025-01-10,Pharmacist,11:00,14:00
ST_6,2025-01-10,Tech,8:00,15:00
ST_7,2025-01-10,Tech,9:00,12:00
ST_8,2025-01-10,Pharmacist,8:00,15:00
ST_9,2025-01-10,Tech,8:00,13:00
ST_10,2025-01-10,Assistant,8:00,17:00
ST_11,2025-01-10,Pharmacist,9:00,17:00
ST_12,2025-01-10,Assistant,8:00,13:00
ST_13,2025-01-10,Pharmacist,9:00,14:00
ST_14,2025-01-10,Tech,9:00,12:00
ST_15,2025-01-10,Assistant,9:00,12:00
ST_16,2025-01-10,Tech,8:00,14:00
ST_17,2025-01-10,Assistant,8:00,18:00
ST_18,2025-01-10,Pharmacist,8:00,18:00
ST_19,2025-01-10,Assistant,8:00,19:00
ST_20,2025-01-10,Pharmacist,11:00,14:00
ST_1,2025-01-11,Assistant,8:00,19:00
ST_2,2025-01-11,Pharmacist,11:00,12:00
ST_3,2025-01-11,Assistant,9:00,16:00
ST_4,2025-01-11,Tech,10:00,13:00
ST_5,2025-01-11,Tech,8:00,13:00
ST_6,2025-01-11,Assistant,11:00,16:00
ST_7,2025-01-11,Tech,9:00,19:00
ST_8,2025-01-11,Tech,9:00,16:00
ST_9,2025-01-11,Pharmacist,8:00,18:00
ST_10,2025-01-11,Assistant,8:00,19:00
ST_11,2025-01-11,Pharmacist,10:00,13:00
ST_12,2025-01-11,Pharmacist,8:00,13:00
ST_13,2025-01-11,Assistant,10:00,16:00
ST_14,2025-01-11,Tech,10:00,17:00
ST_15,2025-01-11,Tech,8:00,13:00
ST_16,2025-01-11,Tech,9:00,19:00
ST_17,2025-01-11,Tech,9:00,16:00
ST_18,2025-01-11,Assistant,10:00,13:00
ST_19,2025-01-11,Pharmacist,8:00,17:00
ST_20,2025-01-11,Tech,10:00,18:00
ST_1,2025-01-12,Assistant,9:00,18:00
ST_2,2025-01-12,Pharmacist,11:00,19:00
ST_3,2025-01-12,Pharmacist,11:00,17:00
ST_4,2025-01-12,Tech,11:00,19:00
ST_5,2025-01-12,Assistant,8:00,18:00
ST_6,2025-01-12,Pharmacist,10:00,13:00
ST_7,2025-01-12,Pharmacist,11:00,12:00
ST_8,2025-01-12,Pharmacist,10:00,15:00
ST_9,2025-01-12,Assistant,11:00,14:00
ST_10,2025-01-12,Pharmacist,9:00,19:00
ST_11,2025-01-12,Assistant,8:00,18:00
ST_12,2025-01-12,Pharmacist,8:00,15:00
ST_13,2025-01-12,Assistant,8:00,18:00
ST_14,2025-01-12,Pharmacist,11:00,17:00
ST_15,2025-01-12,Tech,9:00,17:00
ST_16,2025-01-12,Assistant,8:00,16:00
ST_17,2025-01-12,Tech,9:00,12:00
ST_18,2025-01-12,Pharmacist,8:00,15:00
ST_19,2025-01-12,Tech,11:00,16:00
ST_20,2025-01-12,Tech,9:00,15:00
ST_1,2025-01-13,Tech,8:00,17:00
ST_2,2025-01-13,Assistant,8:00,12:00
ST_3,2025-01-13,Pharmacist,8:00,13:00
ST_4,2025-01-13,Assistant,9:00,18:00
ST_5,2025-01-13,Pharmacist,9:00,13:00
ST_6,2025-01-13,Tech,10:00,14:00
ST_7,2025-01-13,Pharmacist,11:00,15:00
ST_8,2025-01-13,Tech,8:00,18:00
ST_9,2025-01-13,Pharmacist,9:00,15:00
ST_10,2025-01-13,Tech,10:00,18:00
ST_11,2025-01-13,Pharmacist,9:00,12:00
ST_12,2025-01-13,Assistant,11:00,18:00
ST_13,2025-01-13,Pharmacist,9:00,14:00
ST_14,2025-01-13,Pharmacist,9:00,12:00
ST_15,2025-01-13,Assistant,9:00,14:00
ST_16,2025-01-13,Assistant,10:00,18:00
ST_17,2025-01-13,Assistant,8:00,19:00
ST_18,2025-01-13,Assistant,10:00,18:00
ST_19,2025-01-13,Tech,10:00,17:00
ST_20,2025-01-13,Pharmacist,11:00,18:00
ST_1,2025-01-14,Pharmacist,11:00,16:00
ST_2,2025-01-14,Assistant,8:00,14:00
ST_3,2025-01-14,Pharmacist,9:00,13:00
ST_4,2025-01-14,Tech,10:00,12:00
ST_5,2025-01-14,Tech,10:00,17:00
ST_6,2025-01-14,Tech,10:00,13:00
ST_7,2025-01-14,Assistant,9:00,14:00
ST_8,2025-01-14,Tech,8:00,12:00
ST_9,2025-01-14,Assistant,11:00,15:00
ST_10,2025-01-14,Assistant,8:00,18:00
ST_11,2025-01-14,Tech,9:00,13:00
ST_12,2025-01-14,Tech,9:00,17:00
ST_13,2025-01-14,Tech,10:00,16:00
ST_14,2025-01-14,Tech,9:00,14:00
ST_15,2025-01-14,Assistant,8:00,12:00
ST_16,2025-01-14,Assistant,9:00,19:00
ST_17,2025-01-14,Tech,9:00,13:00
ST_18,2025-01-14,Tech,11:00,14:00
ST_19,2025-01-14,Pharmacist,8:00,15:00
ST_20,2025-01-14,Assistant,11:00,17:00
ST_1,2025-01-15,Assistant,8:00,19:00
ST_2,2025-01-15,Pharmacist,8:00,12:00
ST_3,2025-01-15,Assistant,9:00,13:00
ST_4,2025-01-15,Assistant,9:00,13:00
ST_5,2025-01-15,Tech,11:00,17:00
ST_6,2025-01-15,Pharmacist,11:00,13:00
ST_7,2025-01-15,Assistant,8:00,16:00
ST_8,2025-01-15,Assistant,9:00,15:00
ST_9,2025-01-15,Pharmacist,11:00,18:00
ST_10,2025-01-15,Assistant,11:00,17:00
ST_11,2025-01-15,Tech,10:00,17:00
ST_12,2025-01-15,Assistant,9:00,17:00
ST_13,2025-01-15,Assistant,10:00,13:00
ST_14,2025-01-15,Assistant,8:00,15:00
ST_15,2025-01-15,Tech,8:00,16:00
ST_16,2025-01-15,Pharmacist,10:00,15:00
ST_17,2025-01-15,Tech,11:00,17:00
ST_18,2025-01-15,Pharmacist,10:00,13:00
ST_19,2025-01-15,Tech,9:00,12:00
ST_20,2025-01-15,Pharmacist,8:00,16:00
ST_1,2025-01-16,Pharmacist,11:00,17:00
ST_2,2025-01-16,Pharmacist,10:00,12:00
ST_3,2025-01-16,Pharmacist,8:00,13:00
ST_4,2025-01-16,Tech,10:00,13:00
ST_5,2025-01-16,Pharmacist,10:00,14:00
ST_6,2025-01-16,Assistant,8:00,13:00
ST_7,2025-01-16,Tech,11:00,16:00
ST_8,2025-01-16,Tech,8:00,12:00
ST_9,2025-01-16,Assistant,9:00,18:00
ST_10,2025-01-16,Tech,8:00,18:00
ST_11,2025-01-16,Pharmacist,11:00,16:00
ST_12,2025-01-16,Assistant,10:00,13:00
ST_13,2025-01-16,Tech,10:00,17:00
ST_14,2025-01-16,Pharmacist,8:00,12:00
ST_15,2025-01-16,Pharmacist,8:00,19:00
ST_16,2025-01-16,Pharmacist,9:00,14:00
ST_17,2025-01-16,Assistant,9:00,17:00
ST_18,2025-01-16,Tech,10:00,13:00
ST_19,2025-01-16,Tech,11:00,15:00
ST_20,2025-01-16,Assistant,9:00,12:00
ST_1,2025-01-17,Assistant,11:00,15:00
ST_2,2025-01-17,Assistant,10:00,13:00
ST_3,2025-01-17,Assistant,8:00,16:00
ST_4,2025-01-17,Assistant,8:00,17:00
ST_5,2025-01-17,Assistant,8:00,19:00
ST_6,2025-01-17,Tech,10:00,14:00
ST_7,2025-01-17,Assistant,11:00,16:00
ST_8,2025-01-17,Assistant,8:00,17:00
ST_9,2025-01-17,Tech,9:00,14:00
ST_10,2025-01-17,Tech,11:00,12:00
ST_11,2025-01-17,Pharmacist,8:00,16:00
ST_12,2025-01-17,Pharmacist,8:00,15:00
ST_13,2025-01-17,Tech,11:00,18:00
ST_14,2025-01-17,Pharmacist,9:00,17:00
ST_15,2025-01-17,Pharmacist,9:00,12:00
ST_16,2025-01-17,Assistant,8:00,18:00
ST_17,2025-01-17,Tech,11:00,17:00
ST_18,2025-01-17,Pharmacist,9:00,13:00
ST_19,2025-01-17,Assistant,8:00,15:00
ST_20,2025-01-17,Pharmacist,10:00,18:00
ST_1,2025-01-18,Assistant,8:00,14:00
ST_2,2025-01-18,Pharmacist,10:00,13:00
ST_3,2025-01-18,Pharmacist,11:00,12:00
ST_4,2025-01-18,Pharmacist,9:00,13:00
ST_5,2025-01-18,Pharmacist,10:00,16:00
ST_6,2025-01-18,Pharmacist,9:00,17:00
ST_7,2025-01-18,Assistant,11:00,19:00
ST_8,2025-01-18,Assistant,8:00,16:00
ST_9,2025-01-18,Assistant,8:00,15:00
ST_10,2025-01-18,Pharmacist,10:00,18:00
ST_11,2025-01-18,Assistant,9:00,14:00
ST_12,2025-01-18,Tech,10:00,15:00
ST_13,2025-01-18,Assistant,9:00,19:00
ST_14,2025-01-18,Tech,8:00,16:00
ST_15,2025-01-18,Pharmacist,11:00,19:00
ST_16,2025-01-18,Tech,11:00,14:00
ST_17,2025-01-18,Tech,10:00,15:00
ST_18,2025-01-18,Assistant,11:00,19:00
ST_19,2025-01-18,Assistant,8:00,15:00
ST_20,2025-01-18,Tech,9:00,12:00
ST_1,2025-01-19,Assistant,8:00,18:00
ST_2,2025-01-19,Pharmacist,11:00,17:00
ST_3,2025-01-19,Pharmacist,9:00,14:00
ST_4,2025-01-19,Pharmacist,8:00,16:00
ST_5,2025-01-19,Pharmacist,9:00,15:00
ST_6,2025-01-19,Tech,11:00,12:00
ST_7,2025-01-19,Tech,8:00,17:00
ST_8,2025-01-19,Tech,9:00,15:00
ST_9,2025-01-19,Pharmacist,8:00,13:00
ST_10,2025-01-19,Assistant,9:00,19:00
ST_11,2025-01-19,Pharmacist,10:00,15:00
ST_12,2025-01-19,Pharmacist,10:00,18:00
ST_13,2025-01-19,Pharmacist,11:00,13:00
ST_14,2025-01-19,Pharmacist,8:00,17:00
ST_15,2025-01-19,Tech,10:00,18:00
ST_16,2025-01-19,Tech,11:00,16:00
ST_17,2025-01-19,Tech,9:00,13:00
ST_18,2025-01-19,Pharmacist,11:00,16:00
ST_19,2025-01-19,Assistant,11:00,13:00
ST_20,2025-01-19,Tech,8:00,19:00
ST_1,2025-01-20,Tech,8:00,15:00
ST_2,2025-01-20,Assistant,11:00,18:00
ST_3,2025-01-20,Assistant,8:00,15:00
ST_4,2025-01-20,Pharmacist,11:00,19:00
ST_5,2025-01-20,Tech,11:00,18:00
ST_6,2025-01-20,Pharmacist,10:00,14:00
ST_7,2025-01-20,Assistant,9:00,15:00
ST_8,2025-01-20,Pharmacist,8:00,16:00
ST_9,2025-01-20,Tech,9:00,13:00
ST_10,2025-01-20,Tech,8:00,13:00
ST_11,2025-01-20,Pharmacist,10:00,12:00
ST_12,2025-01-20,Assistant,11:00,13:00
ST_13,2025-01-20,Assistant,9:00,15:00
ST_14,2025-01-20,Pharmacist,8:00,13:00
ST_15,2025-01-20,Pharmacist,10:00,14:00
ST_16,2025-01-20,Assistant,11:00,13:00
ST_17,2025-01-20,Assistant,10:00,14:00
ST_18,2025-01-20,Assistant,10:00,18:00
ST_19,2025-01-20,Tech,10:00,17:00
ST_20,2025-01-20,Tech,9:00,14:00
ST_1,2025-01-21,Assistant,9:00,13:00
ST_2,2025-01-21,Assistant,8:00,12:00
ST_3,2025-01-21,Pharmacist,10:00,13:00
ST_4,2025-01-21,Pharmacist,11:00,15:00
ST_5,2025-01-21,Tech,11:00,14:00
ST_6,2025-01-21,Tech,8:00,14:00
ST_7,2025-01-21,Tech,10:00,12:00
ST_8,2025-01-21,Pharmacist,8:00,14:00
ST_9,2025-01-21,Assistant,8:00,14:00
ST_10,2025-01-21,Assistant,11:00,12:00
ST_11,2025-01-21,Pharmacist,9:00,12:00
ST_12,2025-01-21,Assistant,9:00,14:00
ST_13,2025-01-21,Tech,10:00,13:00
ST_14,2025-01-21,Tech,10:00,13:00
ST_15,2025-01-21,Assistant,11:00,14:00
ST_16,2025-01-21,Tech,8:00,15:00
ST_17,2025-01-21,Pharmacist,8:00,14:00
ST_18,2025-01-21,Assistant,8:00,18:00
ST_19,2025-01-21,Pharmacist,10:00,14:00
ST_20,2025-01-21,Assistant,8:00,13:00
ST_1,2025-01-22,Assistant,10:00,16:00
ST_2,2025-01-22,Pharmacist,10:00,18:00
ST_3,2025-01-22,Tech,10:00,19:00
ST_4,2025-01-22,Assistant,10:00,17:00
ST_5,2025-01-22,Assistant,11:00,17:00
ST_6,2025-01-22,Pharmacist,10:00,18:00
ST_7,2025-01-22,Assistant,10:00,13:00
ST_8,2025-01-22,Pharmacist,8:00,15:00
ST_9,2025-01-22,Tech,9:00,17:00
ST_10,2025-01-22,Tech,10:00,19:00
ST_11,2025-01-22,Assistant,11:00,13:00
ST_12,2025-01-22,Assistant,10:00,16:00
ST_13,2025-01-22,Assistant,8:00,18:00
ST_14,2025-01-22,Pharmacist,8:00,12:00
ST_15,2025-01-22,Pharmacist,9:00,18:00
ST_16,2025-01-22,Tech,11:00,18:00
ST_17,2025-01-22,Tech,10:00,13:00
ST_18,2025-01-22,Tech,11:00,12:00
ST_19,2025-01-22,Tech,8:00,19:00
ST_20,2025-01-22,Pharmacist,9:00,14:00
ST_1,2025-01-23,Tech,8:00,16:00
ST_2,2025-01-23,Tech,9:00,13:00
ST_3,2025-01-23,Tech,11:00,14:00
ST_4,2025-01-23,Pharmacist,11:00,13:00
ST_5,2025-01-23,Tech,11:00,13:00
ST_6,2025-01-23,Pharmacist,8:00,12:00
ST_7,2025-01-23,Tech,11:00,16:00
ST_8,2025-01-23,Tech,9:00,14:00
ST_9,2025-01-23,Assistant,10:00,12:00
ST_10,2025-01-23,Assistant,8:00,19:00
ST_11,2025-01-23,Tech,11:00,18:00
ST_12,2025-01-23,Assistant,8:00,16:00
ST_13,2025-01-23,Assistant,8:00,12:00
ST_14,2025-01-23,Pharmacist,11:00,13:00
ST_15,2025-01-23,Assistant,8:00,16:00
ST_16,2025-01-23,Tech,9:00,17:00
ST_17,2025-01-23,Tech,10:00,14:00
ST_18,2025-01-23,Pharmacist,11:00,18:00
ST_19,2025-01-23,Pharmacist,10:00,15:00
ST_20,2025-01-23,Assistant,10:00,19:00
ST_1,2025-01-24,Pharmacist,8:00,13:00
ST_2,2025-01-24,Pharmacist,9:00,15:00
ST_3,2025-01-24,Pharmacist,11:00,12:00
ST_4,2025-01-24,Assistant,8:00,18:00
ST_5,2025-01-24,Pharmacist,11:00,17:00
ST_6,2025-01-24,Pharmacist,11:00,18:00
ST_7,2025-01-24,Assistant,10:00,18:00
ST_8,2025-01-24,Pharmacist,10:00,18:00
ST_9,2025-01-24,Pharmacist,11:00,14:00
ST_10,2025-01-24,Tech,11:00,13:00
ST_11,2025-01-24,Assistant,11:00,15:00
ST_12,2025-01-24,Tech,11:00,19:00
ST_13,2025-01-24,Assistant,8:00,13:00
ST_14,2025-01-24,Tech,8:00,17:00
ST_15,2025-01-24,Assistant,11:00,19:00
ST_16,2025-01-24,Assistant,9:00,15:00
ST_17,2025-01-24,Pharmacist,11:00,14:00
ST_18,2025-01-24,Assistant,9:00,16:00
ST_19,2025-01-24,Assistant,8:00,13:00
ST_20,2025-01-24,Tech,10:00,19:00
ST_1,2025-01-25,Pharmacist,11:00,12:00
ST_2,2025-01-25,Tech,9:00,17:00
ST_3,2025-01-25,Tech,11:00,13:00
ST_4,2025-01-25,Assistant,10:00,16:00
ST_5,2025-01-25,Assistant,10:00,18:00
ST_6,2025-01-25,Pharmacist,10:00,12:00
ST_7,2025-01-25,Pharmacist,10:00,18:00
ST_8,2025-01-25,Assistant,11:00,13:00
ST_9,2025-01-25,Pharmacist,8:00,13:00
ST_10,2025-01-25,Tech,10:00,19:00
ST_11,2025-01-25,Tech,11:00,17:00
ST_12,2025-01-25,Tech,11:00,12:00
ST_13,2025-01-25,Tech,10:00,12:00
ST_14,2025-01-25,Pharmacist,9:00,19:00
ST_15,2025-01-25,Tech,11:00,15:00
ST_16,2025-01-25,Tech,9:00,18:00
ST_17,2025-01-25,Tech,10:00,13:00
ST_18,2025-01-25,Tech,10:00,13:00
ST_19,2025-01-25,Pharmacist,10:00,15:00
ST_20,2025-01-25,Assistant,11:00,16:00
ST_1,2025-01-26,Assistant,9:00,18:00
ST_2,2025-01-26,Assistant,8:00,15:00
ST_3,2025-01-26,Assistant,11:00,13:00
ST_4,2025-01-26,Assistant,10:00,15:00
ST_5,2025-01-26,Pharmacist,8:00,19:00
ST_6,2025-01-26,Assistant,9:00,16:00
ST_7,2025-01-26,Pharmacist,9:00,16:00
ST_8,2025-01-26,Assistant,8:00,17:00
ST_9,2025-01-26,Assistant,11:00,19:00
ST_10,2025-01-26,Tech,9:00,17:00
ST_11,2025-01-26,Tech,8:00,15:00
ST_12,2025-01-26,Pharmacist,8:00,16:00
ST_13,2025-01-26,Assistant,11:00,19:00
ST_14,2025-01-26,Pharmacist,9:00,14:00
ST_15,2025-01-26,Pharmacist,8:00,18:00
ST_16,2025-01-26,Pharmacist,11:00,17:00
ST_17,2025-01-26,Tech,9:00,13:00
ST_18,2025-01-26,Pharmacist,9:00,12:00
ST_19,2025-01-26,Pharmacist,8:00,16:00
ST_20,2025-01-26,Assistant,10:00,18:00
ST_1,2025-01-27,Tech,8:00,12:00
ST_2,2025-01-27,Tech,10:00,19:00
ST_3,2025-01-27,Pharmacist,9:00,14:00
ST_4,2025-01-27,Tech,9:00,16:00
ST_5,2025-01-27,Assistant,10:00,12:00
ST_6,2025-01-27,Assistant,11:00,17:00
ST_7,2025-01-27,Tech,9:00,15:00
ST_8,2025-01-27,Pharmacist,10:00,12:00
ST_9,2025-01-27,Pharmacist,8:00,12:00
ST_10,2025-01-27,Assistant,9:00,13:00
ST_11,2025-01-27,Tech,11:00,15:00
ST_12,2025-01-27,Assistant,10:00,14:00
ST_13,2025-01-27,Tech,10:00,13:00
ST_14,2025-01-27,Tech,8:00,15:00
ST_15,2025-01-27,Assistant,8:00,14:00
ST_16,2025-01-27,Assistant,11:00,12:00
ST_17,2025-01-27,Assistant,10:00,14:00
ST_18,2025-01-27,Tech,11:00,17:00
ST_19,2025-01-27,Assistant,8:00,17:00
ST_20,2025-01-27,Tech,10:00,13:00
ST_1,2025-01-28,Pharmacist,8:00,15:00
ST_2,2025-01-28,Pharmacist,8:00,13:00
ST_3,2025-01-28,Tech,8:00,15:00
ST_4,2025-01-28,Tech,11:00,18:00
ST_5,2025-01-28,Assistant,10:00,14:00
ST_6,2025-01-28,Assistant,11:00,12:00
ST_7,2025-01-28,Tech,8:00,16:00
ST_8,2025-01-28,Pharmacist,9:00,18:00
ST_9,2025-01-28,Pharmacist,11:00,17:00
ST_10,2025-01-28,Pharmacist,9:00,12:00
ST_11,2025-01-28,Assistant,11:00,15:00
ST_12,2025-01-28,Tech,11:00,16:00
ST_13,2025-01-28,Assistant,11:00,14:00
ST_14,2025-01-28,Tech,10:00,19:00
ST_15,2025-01-28,Tech,9:00,14:00
ST_16,2025-01-28,Assistant,9:00,15:00
ST_17,2025-01-28,Assistant,9:00,18:00
ST_18,2025-01-28,Tech,11:00,18:00
ST_19,2025-01-28,Assistant,8:00,12:00
ST_20,2025-01-28,Tech,8:00,16:00
ST_1,2025-01-29,Tech,11:00,14:00
ST_2,2025-01-29,Assistant,9:00,16:00
ST_3,2025-01-29,Assistant,11:00,16:00
ST_4,2025-01-29,Tech,11:00,12:00
ST_5,2025-01-29,Tech,11:00,19:00
ST_6,2025-01-29,Tech,11:00,19:00
ST_7,2025-01-29,Assistant,9:00,18:00
ST_8,2025-01-29,Tech,10:00,19:00
ST_9,2025-01-29,Pharmacist,9:00,12:00
ST_10,2025-01-29,Tech,9:00,15:00
ST_11,2025-01-29,Tech,11:00,15:00
ST_12,2025-01-29,Assistant,10:00,19:00
ST_13,2025-01-29,Pharmacist,8:00,17:00
ST_14,2025-01-29,Pharmacist,9:00,17:00
ST_15,2025-01-29,Tech,10:00,15:00
ST_16,2025-01-29,Pharmacist,11:00,15:00
ST_17,2025-01-29,Assistant,9:00,19:00
ST_18,2025-01-29,Tech,10:00,19:00
ST_19,2025-01-29,Pharmacist,11:00,14:00
ST_20,2025-01-29,Assistant,11:00,12:00
ST_1,2025-01-30,Tech,11:00,15:00
ST_2,2025-01-30,Pharmacist,8:00,14:00
ST_3,2025-01-30,Tech,9:00,15:00
ST_4,2025-01-30,Tech,10:00,14:00
ST_5,2025-01-30,Pharmacist,8:00,18:00
ST_6,2025-01-30,Pharmacist,10:00,12:00
ST_7,2025-01-30,Tech,10:00,12:00
ST_8,2025-01-30,Assistant,11:00,14:00
ST_9,2025-01-30,Pharmacist,8:00,14:00
ST_10,2025-01-30,Assistant,8:00,15:00
ST_11,2025-01-30,Tech,9:00,17:00
ST_12,2025-01-30,Assistant,9:00,18:00
ST_13,2025-01-30,Pharmacist,9:00,12:00
ST_14,2025-01-30,Tech,9:00,16:00
ST_15,2025-01-30,Pharmacist,10:00,16:00
ST_16,2025-01-30,Assistant,11:00,18:00
ST_17,2025-01-30,Pharmacist,9:00,13:00
ST_18,2025-01-30,Tech,8:00,19:00
ST_19,2025-01-30,Tech,11:00,14:00
ST_20,2025-01-30,Pharmacist,11:00,19:00
ST_1,2025-01-31,Assistant,11:00,17:00
ST_2,2025-01-31,Tech,9:00,19:00
ST_3,2025-01-31,Assistant,9:00,15:00
ST_4,2025-01-31,Assistant,11:00,12:00
ST_5,2025-01-31,Pharmacist,8:00,15:00
ST_6,2025-01-31,Tech,10:00,15:00
ST_7,2025-01-31,Tech,11:00,16:00
ST_8,2025-01-31,Pharmacist,9:00,13:00
ST_9,2025-01-31,Tech,10:00,13:00
ST_10,2025-01-31,Pharmacist,8:00,18:00
ST_11,2025-01-31,Tech,10:00,15:00
ST_12,2025-01-31,Tech,8:00,17:00
ST_13,2025-01-31,Tech,8:00,16:00
ST_14,2025-01-31,Pharmacist,11:00,15:00
ST_15,2025-01-31,Tech,10:00,17:00
ST_16,2025-01-31,Assistant,9:00,17:00
ST_17,2025-01-31,Tech,11:00,17:00
ST_18,2025-01-31,Assistant,11:00,13:00
ST_19,2025-01-31,Pharmacist,11:00,16:00
ST_20,2025-01-31,Tech,10:00,12:00
ST_1,2025-02-01,Pharmacist,11:00,12:00
ST_2,2025-02-01,Tech,11:00,16:00
ST_3,2025-02-01,Assistant,11:00,18:00
ST_4,2025-02-01,Assistant,11:00,12:00
ST_5,2025-02-01,Pharmacist,10:00,12:00
ST_6,2025-02-01,Assistant,9:00,13:00
ST_7,2025-02-01,Tech,8:00,13:00
ST_8,2025-02-01,Tech,10:00,19:00
ST_9,2025-02-01,Assistant,10:00,13:00
ST_10,2025-02-01,Assistant,9:00,16:00
ST_11,2025-02-01,Tech,11:00,14:00
ST_12,2025-02-01,Assistant,10:00,18:00
ST_13,2025-02-01,Pharmacist,11:00,16:00
ST_14,2025-02-01,Tech,10:00,15:00
ST_15,2025-02-01,Pharmacist,8:00,12:00
ST_16,2025-02-01,Assistant,8:00,14:00
ST_17,2025-02-01,Pharmacist,8:00,14:00
ST_18,2025-02-01,Assistant,11:00,14:00
ST_19,2025-02-01,Pharmacist,9:00,13:00
ST_20,2025-02-01,Assistant,10:00,17:00
ST_1,2025-02-02,Tech,11:00,19:00
ST_2,2025-02-02,Assistant,10:00,18:00
ST_3,2025-02-02,Tech,9:00,13:00
ST_4,2025-02-02,Assistant,8:00,13:00
ST_5,2025-02-02,Pharmacist,8:00,13:00
ST_6,2025-02-02,Tech,9:00,18:00
ST_7,2025-02-02,Pharmacist,11:00,16:00
ST_8,2025-02-02,Pharmacist,8:00,14:00
ST_9,2025-02-02,Tech,9:00,18:00
ST_10,2025-02-02,Tech,8:00,14:00
ST_11,2025-02-02,Assistant,8:00,14:00
ST_12,2025-02-02,Pharmacist,10:00,15:00
ST_13,2025-02-02,Tech,8:00,13:00
ST_14,2025-02-02,Assistant,10:00,14:00
ST_15,2025-02-02,Assistant,11:00,18:00
ST_16,2025-02-02,Tech,11:00,19:00
ST_17,2025-02-02,Pharmacist,10:00,14:00
ST_18,2025-02-02,Assistant,9:00,14:00
ST_19,2025-02-02,Assistant,10:00,16:00
ST_20,2025-02-02,Pharmacist,10:00,15:00
ST_1,2025-02-03,Pharmacist,10:00,14:00
ST_2,2025-02-03,Pharmacist,11:00,15:00
ST_3,2025-02-03,Pharmacist,10:00,15:00
ST_4,2025-02-03,Pharmacist,8:00,16:00
ST_5,2025-02-03,Tech,9:00,17:00
ST_6,2025-02-03,Tech,9:00,18:00
ST_7,2025-02-03,Pharmacist,9:00,15:00
ST_8,2025-02-03,Pharmacist,11:00,19:00
ST_9,2025-02-03,Assistant,11:00,12:00
ST_10,2025-02-03,Pharmacist,10:00,18:00
ST_11,2025-02-03,Pharmacist,8:00,19:00
ST_12,2025-02-03,Assistant,9:00,19:00
ST_13,2025-02-03,Tech,11:00,17:00
ST_14,2025-02-03,Tech,8:00,17:00
ST_15,2025-02-03,Tech,10:00,14:00
ST_16,2025-02-03,Assistant,11:00,14:00
ST_17,2025-02-03,Pharmacist,8:00,12:00
ST_18,2025-02-03,Tech,9:00,16:00
ST_19,2025-02-03,Tech,9:00,13:00
ST_20,2025-02-03,Tech,9:00,15:00
ST_1,2025-02-04,Assistant,8:00,19:00
ST_2,2025-02-04,Pharmacist,9:00,13:00
ST_3,2025-02-04,Assistant,8:00,18:00
ST_4,2025-02-04,Assistant,11:00,12:00
ST_5,2025-02-04,Assistant,10:00,12:00
ST_6,2025-02-04,Pharmacist,11:00,19:00
ST_7,2025-02-04,Pharmacist,10:00,13:00
ST_8,2025-02-04,Tech,11:00,13:00
ST_9,2025-02-04,Assistant,10:00,19:00
ST_10,2025-02-04,Tech,8:00,16:00
ST_11,2025-02-04,Assistant,9:00,18:00
ST_12,2025-02-04,Assistant,9:00,18:00
ST_13,2025-02-04,Pharmacist,8:00,17:00
ST_14,2025-02-04,Assistant,8:00,13:00
ST_15,2025-02-04,Tech,9:00,18:00
ST_16,2025-02-04,Tech,10:00,17:00
ST_17,2025-02-04,Assistant,8:00,14:00
ST_18,2025-02-04,Pharmacist,8:00,13:00
ST_19,2025-02-04,Pharmacist,10:00,15:00
ST_20,2025-02-04,Pharmacist,11:00,18:00
ST_1,2025-02-05,Assistant,11:00,18:00
ST_2,2025-02-05,Tech,10:00,17:00
ST_3,2025-02-05,Pharmacist,8:00,17:00
ST_4,2025-02-05,Pharmacist,8:00,12:00
ST_5,2025-02-05,Pharmacist,10:00,12:00
ST_6,2025-02-05,Assistant,11:00,12:00
ST_7,2025-02-05,Tech,9:00,18:00
ST_8,2025-02-05,Tech,10:00,15:00
ST_9,2025-02-05,Pharmacist,11:00,13:00
ST_10,2025-02-05,Assistant,10:00,12:00
ST_11,2025-02-05,Pharmacist,9:00,14:00
ST_12,2025-02-05,Pharmacist,11:00,17:00
ST_13,2025-02-05,Assistant,8:00,13:00
ST_14,2025-02-05,Tech,8:00,16:00
ST_15,2025-02-05,Assistant,11:00,15:00
ST_16,2025-02-05,Assistant,8:00,13:00
ST_17,2025-02-05,Pharmacist,11:00,18:00
ST_18,2025-02-05,Assistant,8:00,18:00
ST_19,2025-02-05,Tech,10:00,13:00
ST_20,2025-02-05,Assistant,9:00,19:00
ST_1,2025-02-06,Pharmacist,9:00,12:00
ST_2,2025-02-06,Assistant,9:00,17:00
ST_3,2025-02-06,Assistant,10:00,13:00
ST_4,2025-02-06,Pharmacist,10:00,17:00
ST_5,2025-02-06,Assistant,11:00,14:00
ST_6,2025-02-06,Pharmacist,8:00,16:00
ST_7,2025-02-06,Tech,10:00,12:00
ST_8,2025-02-06,Tech,8:00,12:00
ST_9,2025-02-06,Assistant,9:00,15:00
ST_10,2025-02-06,Assistant,11:00,15:00
ST_11,2025-02-06,Pharmacist,10:00,13:00
ST_12,2025-02-06,Pharmacist,8:00,15:00
ST_13,2025-02-06,Pharmacist,8:00,19:00
ST_14,2025-02-06,Tech,11:00,14:00
ST_15,2025-02-06,Tech,11:00,19:00
ST_16,2025-02-06,Pharmacist,11:00,17:00
ST_17,2025-02-06,Pharmacist,11:00,12:00
ST_18,2025-02-06,Assistant,11:00,15:00
ST_19,2025-02-06,Pharmacist,11:00,15:00
ST_20,2025-02-06,Tech,11:00,13:00
ST_1,2025-02-07,Assistant,10:00,16:00
ST_2,2025-02-07,Pharmacist,8:00,12:00
ST_3,2025-02-07,Tech,8:00,18:00
ST_4,2025-02-07,Tech,9:00,16:00
ST_5,2025-02-07,Pharmacist,9:00,18:00
ST_6,2025-02-07,Pharmacist,9:00,19:00
ST_7,2025-02-07,Tech,8:00,19:00
ST_8,2025-02-07,Assistant,9:00,17:00
ST_9,2025-02-07,Tech,11:00,12:00
ST_10,2025-02-07,Tech,11:00,17:00
ST_11,2025-02-07,Pharmacist,11:00,14:00
ST_12,2025-02-07,Tech,8:00,18:00
ST_13,2025-02-07,Pharmacist,10:00,16:00
ST_14,2025-02-07,Assistant,11:00,14:00
ST_15,2025-02-07,Pharmacist,9:00,18:00
ST_16,2025-02-07,Pharmacist,9:00,15:00
ST_17,2025-02-07,Tech,8:00,16:00
ST_18,2025-02-07,Assistant,11:00,15:00
ST_19,2025-02-07,Pharmacist,11:00,17:00
ST_20,2025-02-07,Pharmacist,9:00,17:00
ST_1,2025-02-08,Pharmacist,9:00,13:00
ST_2,2025-02-08,Assistant,11:00,13:00
ST_3,2025-02-08,Assistant,10:00,19:00
ST_4,2025-02-08,Assistant,10:00,17:00
ST_5,2025-02-08,Tech,8:00,18:00
ST_6,2025-02-08,Tech,10:00,19:00
ST_7,2025-02-08,Assistant,11:00,15:00
ST_8,2025-02-08,Pharmacist,11:00,15:00
ST_9,2025-02-08,Assistant,9:00,19:00
ST_10,2025-02-08,Tech,9:00,17:00
ST_11,2025-02-08,Assistant,11:00,19:00
ST_12,2025-02-08,Tech,8:00,18:00
ST_13,2025-02-08,Tech,9:00,15:00
ST_14,2025-02-08,Pharmacist,10:00,12:00
ST_15,2025-02-08,Pharmacist,11:00,13:00
ST_16,2025-02-08,Tech,8:00,18:00
ST_17,2025-02-08,Assistant,11:00,18:00
ST_18,2025-02-08,Pharmacist,10:00,17:00
ST_19,2025-02-08,Pharmacist,11:00,16:00
ST_20,2025-02-08,Pharmacist,11:00,18:00
ST_1,2025-02-09,Assistant,9:00,14:00
ST_2,2025-02-09,Assistant,11:00,14:00
ST_3,2025-02-09,Assistant,9:00,17:00
ST_4,2025-02-09,Tech,10:00,19:00
ST_5,2025-02-09,Assistant,8:00,12:00
ST_6,2025-02-09,Assistant,8:00,13:00
ST_7,2025-02-09,Tech,9:00,12:00
ST_8,2025-02-09,Tech,9:00,13:00
ST_9,2025-02-09,Assistant,11:00,19:00
ST_10,2025-02-09,Assistant,9:00,17:00
ST_11,2025-02-09,Assistant,10:00,12:00
ST_12,2025-02-09,Assistant,9:00,14:00
ST_13,2025-02-09,Tech,8:00,14:00
ST_14,2025-02-09,Pharmacist,9:00,17:00
ST_15,2025-02-09,Tech,9:00,12:00
ST_16,2025-02-09,Assistant,10:00,13:00
ST_17,2025-02-09,Tech,8:00,12:00
ST_18,2025-02-09,Tech,9:00,18:00
ST_19,2025-02-09,Assistant,10:00,13:00
ST_20,2025-02-09,Pharmacist,8:00,16:00
ST_1,2025-02-10,Tech,9:00,12:00
ST_2,2025-02-10,Pharmacist,8:00,17:00
ST_3,2025-02-10,Assistant,10:00,17:00
ST_4,2025-02-10,Assistant,11:00,16:00
ST_5,2025-02-10,Assistant,8:00,19:00
ST_6,2025-02-10,Tech,11:00,17:00
ST_7,2025-02-10,Pharmacist,8:00,19:00
ST_8,2025-02-10,Assistant,8:00,13:00
ST_9,2025-02-10,Tech,10:00,15:00
ST_10,2025-02-10,Pharmacist,11:00,16:00
ST_11,2025-02-10,Assistant,9:00,19:00
ST_12,2025-02-10,Pharmacist,11:00,15:00
ST_13,2025-02-10,Assistant,11:00,14:00
ST_14,2025-02-10,Assistant,10:00,16:00
ST_15,2025-02-10,Assistant,8:00,13:00
ST_16,2025-02-10,Assistant,11:00,14:00
ST_17,2025-02-10,Tech,10:00,12:00
ST_18,2025-02-10,Tech,9:00,16:00
ST_19,2025-02-10,Pharmacist,11:00,13:00
ST_20,2025-02-10,Assistant,8:00,19:00
ST_1,2025-02-11,Pharmacist,8:00,19:00
ST_2,2025-02-11,Tech,10:00,12:00
ST_3,2025-02-11,Tech,11:00,19:00
ST_4,2025-02-11,Tech,10:00,13:00
ST_5,2025-02-11,Tech,11:00,12:00
ST_6,2025-02-11,Pharmacist,11:00,16:00
ST_7,2025-02-11,Tech,11:00,14:00
ST_8,2025-02-11,Assistant,10:00,13:00
ST_9,2025-02-11,Pharmacist,9:00,16:00
ST_10,2025-02-11,Tech,9:00,14:00
ST_11,2025-02-11,Tech,10:00,17:00
ST_12,2025-02-11,Assistant,11:00,17:00
ST_13,2025-02-11,Tech,11:00,12:00
ST_14,2025-02-11,Pharmacist,8:00,17:00
ST_15,2025-02-11,Pharmacist,8:00,17:00
ST_16,2025-02-11,Tech,8:00,12:00
ST_17,2025-02-11,Tech,9:00,19:00
ST_18,2025-02-11,Assistant,10:00,17:00
ST_19,2025-02-11,Tech,8:00,18:00
ST_20,2025-02-11,Pharmacist,10:00,15:00
ST_1,2025-02-12,Pharmacist,11:00,15:00
ST_2,2025-02-12,Assistant,9:00,13:00
ST_3,2025-02-12,Tech,8:00,14:00
ST_4,2025-02-12,Pharmacist,9:00,15:00
ST_5,2025-02-12,Assistant,11:00,14:00
ST_6,2025-02-12,Pharmacist,9:00,12:00
ST_7,2025-02-12,Pharmacist,9:00,13:00
ST_8,2025-02-12,Pharmacist,10:00,13:00
ST_9,2025-02-12,Tech,9:00,17:00
ST_10,2025-02-12,Assistant,10:00,15:00
ST_11,2025-02-12,Pharmacist,8:00,15:00
ST_12,2025-02-12,Tech,11:00,16:00
ST_13,2025-02-12,Assistant,9:00,13:00
ST_14,2025-02-12,Tech,8:00,17:00
ST_15,2025-02-12,Tech,10:00,17:00
ST_16,2025-02-12,Pharmacist,9:00,16:00
ST_17,2025-02-12,Assistant,10:00,13:00
ST_18,2025-02-12,Assistant,9:00,18:00
ST_19,2025-02-12,Assistant,8:00,15:00
ST_20,2025-02-12,Pharmacist,9:00,13:00
ST_1,2025-02-13,Pharmacist,11:00,15:00
ST_2,2025-02-13,Assistant,9:00,18:00
ST_3,2025-02-13,Pharmacist,11:00,14:00
ST_4,2025-02-13,Assistant,9:00,15:00
ST_5,2025-02-13,Assistant,8:00,18:00
ST_6,2025-02-13,Pharmacist,8:00,15:00
ST_7,2025-02-13,Tech,8:00,12:00
ST_8,2025-02-13,Tech,9:00,13:00
ST_9,2025-02-13,Pharmacist,9:00,12:00
ST_10,2025-02-13,Pharmacist,8:00,17:00
ST_11,2025-02-13,Pharmacist,11:00,16:00
ST_12,2025-02-13,Tech,9:00,16:00
ST_13,2025-02-13,Pharmacist,8:00,19:00
ST_14,2025-02-13,Tech,11:00,17:00
ST_15,2025-02-13,Assistant,9:00,12:00
ST_16,2025-02-13,Tech,9:00,18:00
ST_17,2025-02-13,Assistant,11:00,19:00
ST_18,2025-02-13,Pharmacist,11:00,19:00
ST_19,2025-02-13,Assistant,8:00,16:00
ST_20,2025-02-13,Pharmacist,8:00,14:00
ST_1,2025-02-14,Pharmacist,11:00,19:00
ST_2,2025-02-14,Pharmacist,9:00,12:00
ST_3,2025-02-14,Tech,10:00,19:00
ST_4,2025-02-14,Tech,11:00,14:00
ST_5,2025-02-14,Assistant,9:00,18:00
ST_6,2025-02-14,Assistant,10:00,13:00
ST_7,2025-02-14,Assistant,8:00,19:00
ST_8,2025-02-14,Tech,8:00,13:00
ST_9,2025-02-14,Pharmacist,10:00,12:00
ST_10,2025-02-14,Pharmacist,8:00,19:00
ST_11,2025-02-14,Tech,10:00,18:00
ST_12,2025-02-14,Pharmacist,11:00,15:00
ST_13,2025-02-14,Pharmacist,9:00,19:00
ST_14,2025-02-14,Pharmacist,8:00,12:00
ST_15,2025-02-14,Tech,11:00,19:00
ST_16,2025-02-14,Pharmacist,8:00,19:00
ST_17,2025-02-14,Pharmacist,9:00,13:00
ST_18,2025-02-14,Assistant,9:00,14:00
ST_19,2025-02-14,Assistant,11:00,16:00
ST_20,2025-02-14,Assistant,11:00,16:00
ST_1,2025-02-15,Tech,11:00,13:00
ST_2,2025-02-15,Assistant,8:00,14:00
ST_3,2025-02-15,Assistant,11:00,17:00
ST_4,2025-02-15,Assistant,8:00,13:00
ST_5,2025-02-15,Tech,11:00,14:00
ST_6,2025-02-15,Assistant,10:00,16:00
ST_7,2025-02-15,Assistant,8:00,18:00
ST_8,2025-02-15,Assistant,9:00,19:00
ST_9,2025-02-15,Tech,8:00,18:00
ST_10,2025-02-15,Pharmacist,9:00,13:00
ST_11,2025-02-15,Tech,9:00,16:00
ST_12,2025-02-15,Assistant,8:00,14:00
ST_13,2025-02-15,Tech,8:00,15:00
ST_14,2025-02-15,Assistant,11:00,15:00
ST_15,2025-02-15,Assistant,11:00,17:00
ST_16,2025-02-15,Assistant,10:00,16:00
ST_17,2025-02-15,Tech,9:00,14:00
ST_18,2025-02-15,Assistant,9:00,17:00
ST_19,2025-02-15,Tech,10:00,15:00
ST_20,2025-02-15,Assistant,9:00,19:00
ST_1,2025-02-16,Tech,10:00,19:00
ST_2,2025-02-16,Assistant,10:00,15:00
ST_3,2025-02-16,Pharmacist,9:00,12:00
ST_4,2025-02-16,Pharmacist,10:00,13:00
ST_5,2025-02-16,Assistant,10:00,14:00
ST_6,2025-02-16,Assistant,9:00,15:00
ST_7,2025-02-16,Tech,10:00,12:00
ST_8,2025-02-16,Assistant,8:00,12:00
ST_9,2025-02-16,Assistant,9:00,14:00
ST_10,2025-02-16,Tech,8:00,15:00
ST_11,2025-02-16,Tech,9:00,17:00
ST_12,2025-02-16,Assistant,8:00,12:00
ST_13,2025-02-16,Tech,8:00,17:00
ST_14,2025-02-16,Tech,11:00,17:00
ST_15,2025-02-16,Tech,11:00,18:00
ST_16,2025-02-16,Tech,8:00,18:00
ST_17,2025-02-16,Pharmacist,10:00,17:00
ST_18,2025-02-16,Assistant,8:00,19:00
ST_19,2025-02-16,Assistant,10:00,13:00
ST_20,2025-02-16,Tech,10:00,17:00
ST_1,2025-02-17,Tech,11:00,14:00
ST_2,2025-02-17,Pharmacist,11:00,17:00
ST_3,2025-02-17,Assistant,10:00,18:00
ST_4,2025-02-17,Pharmacist,8:00,12:00
ST_5,2025-02-17,Tech,10:00,18:00
ST_6,2025-02-17,Pharmacist,11:00,15:00
ST_7,2025-02-17,Tech,11:00,13:00
ST_8,2025-02-17,Assistant,8:00,14:00
ST_9,2025-02-17,Pharmacist,11:00,16:00
ST_10,2025-02-17,Assistant,8:00,16:00
ST_11,2025-02-17,Pharmacist,11:00,16:00
ST_12,2025-02-17,Tech,8:00,15:00
ST_13,2025-02-17,Pharmacist,8:00,14:00
ST_14,2025-02-17,Tech,8:00,12:00
ST_15,2025-02-17,Assistant,9:00,17:00
ST_16,2025-02-17,Tech,8:00,13:00
ST_17,2025-02-17,Assistant,10:00,16:00
ST_18,2025-02-17,Pharmacist,8:00,19:00
ST_19,2025-02-17,Pharmacist,10:00,16:00
ST_20,2025-02-17,Pharmacist,11:00,19:00
ST_1,2025-02-18,Pharmacist,8:00,14:00
ST_2,2025-02-18,Tech,8:00,14:00
ST_3,2025-02-18,Tech,10:00,17:00
ST_4,2025-02-18,Assistant,8:00,17:00
ST_5,2025-02-18,Assistant,8:00,12:00
ST_6,2025-02-18,Tech,10:00,16:00
ST_7,2025-02-18,Assistant,8:00,16:00
ST_8,2025-02-18,Pharmacist,9:00,18:00
ST_9,2025-02-18,Tech,9:00,15:00
ST_10,2025-02-18,Tech,9:00,13:00
ST_11,2025-02-18,Pharmacist,11:00,12:00
ST_12,2025-02-18,Pharmacist,9:00,16:00
ST_13,2025-02-18,Pharmacist,8:00,17:00
ST_14,2025-02-18,Assistant,10:00,12:00
ST_15,2025-02-18,Tech,11:00,14:00
ST_16,2025-02-18,Pharmacist,9:00,18:00
ST_17,2025-02-18,Assistant,9:00,14:00
ST_18,2025-02-18,Pharmacist,8:00,17:00
ST_19,2025-02-18,Tech,11:00,15:00
ST_20,2025-02-18,Pharmacist,9:00,19:00
ST_1,2025-02-19,Assistant,10:00,19:00
ST_2,2025-02-19,Assistant,11:00,14:00
ST_3,2025-02-19,Tech,10:00,17:00
ST_4,2025-02-19,Pharmacist,10:00,17:00
ST_5,2025-02-19,Pharmacist,10:00,19:00
ST_6,2025-02-19,Assistant,10:00,13:00
ST_7,2025-02-19,Tech,8:00,18:00
ST_8,2025-02-19,Pharmacist,9:00,14:00
ST_9,2025-02-19,Pharmacist,10:00,19:00
ST_10,2025-02-19,Tech,11:00,16:00
ST_11,2025-02-19,Assistant,11:00,18:00
ST_12,2025-02-19,Assistant,8:00,13:00
ST_13,2025-02-19,Tech,11:00,16:00
ST_14,2025-02-19,Assistant,8:00,16:00
ST_15,2025-02-19,Tech,8:00,15:00
ST_16,2025-02-19,Assistant,9:00,13:00
ST_17,2025-02-19,Assistant,8:00,13:00
ST_18,2025-02-19,Pharmacist,11:00,14:00
ST_19,2025-02-19,Tech,10:00,17:00
ST_20,2025-02-19,Assistant,11:00,19:00
ST_1,2025-02-20,Pharmacist,11:00,18:00
ST_2,2025-02-20,Assistant,11:00,14:00
ST_3,2025-02-20,Assistant,10:00,16:00
ST_4,2025-02-20,Pharmacist,9:00,14:00
ST_5,2025-02-20,Pharmacist,11:00,14:00
ST_6,2025-02-20,Assistant,9:00,15:00
ST_7,2025-02-20,Assistant,8:00,17:00
ST_8,2025-02-20,Tech,9:00,14:00
ST_9,2025-02-20,Tech,8:00,15:00
ST_10,2025-02-20,Pharmacist,9:00,15:00
ST_11,2025-02-20,Tech,9:00,14:00
ST_12,2025-02-20,Tech,9:00,14:00
ST_13,2025-02-20,Tech,9:00,12:00
ST_14,2025-02-20,Pharmacist,8:00,18:00
ST_15,2025-02-20,Pharmacist,8:00,13:00
ST_16,2025-02-20,Assistant,11:00,17:00
ST_17,2025-02-20,Tech,10:00,14:00
ST_18,2025-02-20,Tech,9:00,17:00
ST_19,2025-02-20,Assistant,9:00,13:00
ST_20,2025-02-20,Pharmacist,8:00,12:00
ST_1,2025-02-21,Pharmacist,8:00,17:00
ST_2,2025-02-21,Tech,11:00,14:00
ST_3,2025-02-21,Assistant,10:00,19:00
ST_4,2025-02-21,Tech,11:00,16:00
ST_5,2025-02-21,Tech,9:00,14:00
ST_6,2025-02-21,Assistant,11:00,18:00
ST_7,2025-02-21,Assistant,9:00,18:00
ST_8,2025-02-21,Pharmacist,9:00,12:00
ST_9,2025-02-21,Tech,11:00,17:00
ST_10,2025-02-21,Assistant,8:00,17:00
ST_11,2025-02-21,Pharmacist,9:00,15:00
ST_12,2025-02-21,Tech,9:00,12:00
ST_13,2025-02-21,Tech,8:00,16:00
ST_14,2025-02-21,Assistant,8:00,13:00
ST_15,2025-02-21,Tech,9:00,17:00
ST_16,2025-02-21,Pharmacist,10:00,16:00
ST_17,2025-02-21,Tech,8:00,18:00
ST_18,2025-02-21,Assistant,10:00,15:00
ST_19,2025-02-21,Assistant,10:00,16:00
ST_20,2025-02-21,Assistant,10:00,17:00
ST_1,2025-02-22,Assistant,8:00,15:00
ST_2,2025-02-22,Tech,8:00,13:00
ST_3,2025-02-22,Assistant,8:00,13:00
ST_4,2025-02-22,Pharmacist,9:00,18:00
ST_5,2025-02-22,Pharmacist,11:00,16:00
ST_6,2025-02-22,Pharmacist,10:00,18:00
ST_7,2025-02-22,Tech,8:00,13:00
ST_8,2025-02-22,Tech,10:00,12:00
ST_9,2025-02-22,Assistant,8:00,19:00
ST_10,2025-02-22,Tech,10:00,14:00
ST_11,2025-02-22,Pharmacist,9:00,14:00
ST_12,2025-02-22,Tech,10:00,19:00
ST_13,2025-02-22,Assistant,10:00,19:00
ST_14,2025-02-22,Tech,9:00,13:00
ST_15,2025-02-22,Tech,9:00,17:00
ST_16,2025-02-22,Tech,8:00,19:00
ST_17,2025-02-22,Tech,9:00,12:00
ST_18,2025-02-22,Pharmacist,9:00,17:00
ST_19,2025-02-22,Tech,11:00,12:00
ST_20,2025-02-22,Assistant,10:00,14:00
ST_1,2025-02-23,Assistant,11:00,18:00
ST_2,2025-02-23,Tech,10:00,13:00
ST_3,2025-02-23,Pharmacist,8:00,18:00
ST_4,2025-02-23,Pharmacist,9:00,14:00
ST_5,2025-02-23,Assistant,9:00,13:00
ST_6,2025-02-23,Tech,11:00,18:00
ST_7,2025-02-23,Pharmacist,8:00,15:00
ST_8,2025-02-23,Pharmacist,8:00,18:00
ST_9,2025-02-23,Tech,8:00,14:00
ST_10,2025-02-23,Assistant,8:00,13:00
ST_11,2025-02-23,Tech,11:00,19:00
ST_12,2025-02-23,Assistant,9:00,19:00
ST_13,2025-02-23,Assistant,9:00,16:00
ST_14,2025-02-23,Tech,8:00,16:00
ST_15,2025-02-23,Assistant,11:00,12:00
ST_16,2025-02-23,Assistant,11:00,19:00
ST_17,2025-02-23,Pharmacist,8:00,12:00
ST_18,2025-02-23,Tech,9:00,19:00
ST_19,2025-02-23,Pharmacist,10:00,16:00
ST_20,2025-02-23,Assistant,11:00,19:00
ST_1,2025-02-24,Pharmacist,8:00,14:00
ST_2,2025-02-24,Assistant,9:00,15:00
ST_3,2025-02-24,Assistant,8:00,14:00
ST_4,2025-02-24,Tech,8:00,16:00
ST_5,2025-02-24,Pharmacist,10:00,15:00
ST_6,2025-02-24,Pharmacist,8:00,18:00
ST_7,2025-02-24,Pharmacist,10:00,14:00
ST_8,2025-02-24,Tech,8:00,18:00
ST_9,2025-02-24,Tech,10:00,16:00
ST_10,2025-02-24,Tech,11:00,14:00
ST_11,2025-02-24,Tech,11:00,16:00
ST_12,2025-02-24,Assistant,11:00,12:00
ST_13,2025-02-24,Assistant,11:00,13:00
ST_14,2025-02-24,Pharmacist,11:00,13:00
ST_15,2025-02-24,Assistant,10:00,12:00
ST_16,2025-02-24,Pharmacist,10:00,17:00
ST_17,2025-02-24,Assistant,11:00,19:00
ST_18,2025-02-24,Tech,11:00,19:00
ST_19,2025-02-24,Pharmacist,11:00,17:00
ST_20,2025-02-24,Assistant,9:00,12:00
ST_1,2025-02-25,Tech,10:00,14:00
ST_2,2025-02-25,Tech,10:00,16:00
ST_3,2025-02-25,Tech,11:00,13:00
ST_4,2025-02-25,Tech,10:00,15:00
ST_5,2025-02-25,Tech,11:00,13:00
ST_6,2025-02-25,Tech,9:00,12:00
ST_7,2025-02-25,Assistant,8:00,17:00
ST_8,2025-02-25,Assistant,9:00,16:00
ST_9,2025-02-25,Tech,11:00,12:00
ST_10,2025-02-25,Pharmacist,11:00,14:00
ST_11,2025-02-25,Tech,9:00,19:00
ST_12,2025-02-25,Tech,10:00,12:00
ST_13,2025-02-25,Assistant,10:00,16:00
ST_14,2025-02-25,Tech,8:00,16:00
ST_15,2025-02-25,Pharmacist,9:00,12:00
ST_16,2025-02-25,Assistant,8:00,12:00
ST_17,2025-02-25,Assistant,9:00,15:00
ST_18,2025-02-25,Assistant,11:00,15:00
ST_19,2025-02-25,Tech,9:00,15:00
ST_20,2025-02-25,Tech,9:00,18:00
ST_1,2025-02-26,Tech,11:00,18:00
ST_2,2025-02-26,Pharmacist,11:00,14:00
ST_3,2025-02-26,Pharmacist,11:00,18:00
ST_4,2025-02-26,Pharmacist,10:00,18:00
ST_5,2025-02-26,Assistant,10:00,12:00
ST_6,2025-02-26,Tech,10:00,12:00
ST_7,2025-02-26,Assistant,11:00,15:00
ST_8,2025-02-26,Tech,8:00,19:00
ST_9,2025-02-26,Pharmacist,11:00,12:00
ST_10,2025-02-26,Assistant,10:00,19:00
ST_11,2025-02-26,Tech,11:00,19:00
ST_12,2025-02-26,Tech,10:00,18:00
ST_13,2025-02-26,Pharmacist,11:00,14:00
ST_14,2025-02-26,Pharmacist,9:00,18:00
ST_15,2025-02-26,Tech,10:00,18:00
ST_16,2025-02-26,Pharmacist,10:00,19:00
ST_17,2025-02-26,Tech,10:00,15:00
ST_18,2025-02-26,Tech,11:00,14:00
ST_19,2025-02-26,Tech,9:00,17:00
ST_20,2025-02-26,Assistant,8:00,19:00
ST_1,2025-02-27,Tech,9:00,16:00
ST_2,2025-02-27,Tech,9:00,14:00
ST_3,2025-02-27,Pharmacist,9:00,14:00
ST_4,2025-02-27,Assistant,10:00,14:00
ST_5,2025-02-27,Pharmacist,8:00,14:00
ST_6,2025-02-27,Pharmacist,11:00,15:00
ST_7,2025-02-27,Assistant,9:00,13:00
ST_8,2025-02-27,Assistant,11:00,19:00
ST_9,2025-02-27,Tech,11:00,18:00
ST_10,2025-02-27,Tech,9:00,19:00
ST_11,2025-02-27,Pharmacist,11:00,18:00
ST_12,2025-02-27,Pharmacist,10:00,13:00
ST_13,2025-02-27,Assistant,10:00,14:00
ST_14,2025-02-27,Assistant,11:00,13:00
ST_15,2025-02-27,Tech,8:00,19:00
ST_16,2025-02-27,Assistant,8:00,17:00
ST_17,2025-02-27,Tech,10:00,19:00
ST_18,2025-02-27,Assistant,8:00,13:00
ST_19,2025-02-27,Pharmacist,9:00,13:00
ST_20,2025-02-27,Pharmacist,9:00,13:00
ST_1,2025-02-28,Pharmacist,9:00,16:00
ST_2,2025-02-28,Assistant,11:00,19:00
ST_3,2025-02-28,Tech,8:00,15:00
ST_4,2025-02-28,Tech,9:00,16:00
ST_5,2025-02-28,Assistant,8:00,13:00
ST_6,2025-02-28,Assistant,10:00,15:00
ST_7,2025-02-28,Tech,8:00,12:00
ST_8,2025-02-28,Tech,8:00,12:00
ST_9,2025-02-28,Pharmacist,10:00,14:00
ST_10,2025-02-28,Pharmacist,9:00,13:00
ST_11,2025-02-28,Tech,9:00,16:00
ST_12,2025-02-28,Pharmacist,9:00,12:00
ST_13,2025-02-28,Tech,9:00,14:00
ST_14,2025-02-28,Tech,10:00,19:00
ST_15,2025-02-28,Tech,11:00,12:00
ST_16,2025-02-28,Assistant,11:00,12:00
ST_17,2025-02-28,Tech,10:00,13:00
ST_18,2025-02-28,Tech,8:00,19:00
ST_19,2025-02-28,Assistant,8:00,16:00
ST_20,2025-02-28,Assistant,8:00,19:00
ST_1,2025-03-01,Tech,10:00,14:00
ST_2,2025-03-01,Assistant,10:00,18:00
ST_3,2025-03-01,Assistant,11:00,13:00
ST_4,2025-03-01,Assistant,8:00,12:00
ST_5,2025-03-01,Pharmacist,11:00,14:00
ST_6,2025-03-01,Pharmacist,9:00,12:00
ST_7,2025-03-01,Assistant,9:00,17:00
ST_8,2025-03-01,Tech,8:00,15:00
ST_9,2025-03-01,Pharmacist,10:00,17:00
ST_10,2025-03-01,Assistant,10:00,14:00
ST_11,2025-03-01,Tech,9:00,14:00
ST_12,2025-03-01,Tech,8:00,15:00
ST_13,2025-03-01,Tech,11:00,16:00
ST_14,2025-03-01,Tech,10:00,18:00
ST_15,2025-03-01,Pharmacist,8:00,13:00
ST_16,2025-03-01,Pharmacist,11:00,14:00
ST_17,2025-03-01,Tech,8:00,19:00
ST_18,2025-03-01,Assistant,10:00,17:00
ST_19,2025-03-01,Tech,9:00,13:00
ST_20,2025-03-01,Pharmacist,9:00,12:00
ST_1,2025-03-02,Assistant,11:00,19:00
ST_2,2025-03-02,Tech,9:00,13:00
ST_3,2025-03-02,Tech,9:00,17:00
ST_4,2025-03-02,Tech,8:00,13:00
ST_5,2025-03-02,Tech,9:00,16:00
ST_6,2025-03-02,Tech,9:00,14:00
ST_7,2025-03-02,Tech,11:00,18:00
ST_8,2025-03-02,Assistant,11:00,19:00
ST_9,2025-03-02,Tech,9:00,13:00
ST_10,2025-03-02,Assistant,11:00,16:00
ST_11,2025-03-02,Pharmacist,9:00,15:00
ST_12,2025-03-02,Tech,10:00,18:00
ST_13,2025-03-02,Pharmacist,11:00,19:00
ST_14,2025-03-02,Assistant,11:00,12:00
ST_15,2025-03-02,Tech,11:00,19:00
ST_16,2025-03-02,Pharmacist,8:00,17:00
ST_17,2025-03-02,Pharmacist,10:00,18:00
ST_18,2025-03-02,Tech,9:00,15:00
ST_19,2025-03-02,Assistant,10:00,18:00
ST_20,2025-03-02,Assistant,8:00,18:00
ST_1,2025-03-03,Tech,11:00,15:00
ST_2,2025-03-03,Tech,10:00,16:00
ST_3,2025-03-03,Assistant,10:00,17:00
ST_4,2025-03-03,Tech,8:00,16:00
ST_5,2025-03-03,Pharmacist,9:00,16:00
ST_6,2025-03-03,Assistant,10:00,17:00
ST_7,2025-03-03,Assistant,8:00,18:00
ST_8,2025-03-03,Pharmacist,8:00,12:00
ST_9,2025-03-03,Assistant,9:00,16:00
ST_10,2025-03-03,Assistant,11:00,13:00
ST_11,2025-03-03,Assistant,9:00,18:00
ST_12,2025-03-03,Pharmacist,11:00,14:00
ST_13,2025-03-03,Tech,11:00,19:00
ST_14,2025-03-03,Pharmacist,8:00,14:00
ST_15,2025-03-03,Pharmacist,11:00,17:00
ST_16,2025-03-03,Pharmacist,9:00,19:00
ST_17,2025-03-03,Tech,9:00,19:00
ST_18,2025-03-03,Pharmacist,8:00,14:00
ST_19,2025-03-03,Tech,9:00,14:00
ST_20,2025-03-03,Assistant,9:00,13:00
ST_1,2025-03-04,Assistant,8:00,18:00
ST_2,2025-03-04,Tech,11:00,17:00
ST_3,2025-03-04,Pharmacist,9:00,17:00
ST_4,2025-03-04,Assistant,8:00,14:00
ST_5,2025-03-04,Pharmacist,11:00,19:00
ST_6,2025-03-04,Tech,10:00,18:00
ST_7,2025-03-04,Assistant,8:00,17:00
ST_8,2025-03-04,Tech,8:00,14:00
ST_9,2025-03-04,Tech,9:00,14:00
ST_10,2025-03-04,Pharmacist,9:00,14:00
ST_11,2025-03-04,Assistant,10:00,15:00
ST_12,2025-03-04,Pharmacist,9:00,16:00
ST_13,2025-03-04,Pharmacist,10:00,14:00
ST_14,2025-03-04,Assistant,8:00,13:00
ST_15,2025-03-04,Assistant,11:00,13:00
ST_16,2025-03-04,Tech,9:00,19:00
ST_17,2025-03-04,Assistant,9:00,12:00
ST_18,2025-03-04,Pharmacist,8:00,14:00
ST_19,2025-03-04,Pharmacist,9:00,18:00
ST_20,2025-03-04,Assistant,11:00,17:00
ST_1,2025-03-05,Pharmacist,9:00,17:00
ST_2,2025-03-05,Assistant,8:00,12:00
ST_3,2025-03-05,Pharmacist,11:00,17:00
ST_4,2025-03-05,Assistant,10:00,14:00
ST_5,2025-03-05,Pharmacist,8:00,14:00
ST_6,2025-03-05,Tech,10:00,13:00
ST_7,2025-03-05,Assistant,9:00,18:00
ST_8,2025-03-05,Pharmacist,8:00,12:00
ST_9,2025-03-05,Pharmacist,10:00,19:00
ST_10,2025-03-05,Pharmacist,9:00,13:00
ST_11,2025-03-05,Pharmacist,8:00,12:00
ST_12,2025-03-05,Assistant,9:00,17:00
ST_13,2025-03-05,Tech,11:00,18:00
ST_14,2025-03-05,Assistant,9:00,13:00
ST_15,2025-03-05,Tech,8:00,18:00
ST_16,2025-03-05,Tech,8:00,15:00
ST_17,2025-03-05,Tech,9:00,18:00
ST_18,2025-03-05,Tech,10:00,19:00
ST_19,2025-03-05,Assistant,11:00,17:00
ST_20,2025-03-05,Pharmacist,11:00,17:00
ST_1,2025-03-06,Tech,9:00,12:00
ST_2,2025-03-06,Assistant,8:00,15:00
ST_3,2025-03-06,Pharmacist,9:00,13:00
ST_4,2025-03-06,Pharmacist,11:00,14:00
ST_5,2025-03-06,Assistant,9:00,14:00
ST_6,2025-03-06,Assistant,11:00,14:00
ST_7,2025-03-06,Pharmacist,11:00,16:00
ST_8,2025-03-06,Tech,11:00,14:00
ST_9,2025-03-06,Tech,8:00,17:00
ST_10,2025-03-06,Pharmacist,8:00,15:00
ST_11,2025-03-06,Tech,10:00,13:00
ST_12,2025-03-06,Assistant,9:00,15:00
ST_13,2025-03-06,Tech,9:00,15:00
ST_14,2025-03-06,Pharmacist,9:00,19:00
ST_15,2025-03-06,Pharmacist,11:00,12:00
ST_16,2025-03-06,Pharmacist,9:00,15:00
ST_17,2025-03-06,Tech,9:00,13:00
ST_18,2025-03-06,Pharmacist,11:00,19:00
ST_19,2025-03-06,Assistant,10:00,19:00
ST_20,2025-03-06,Pharmacist,8:00,18:00
ST_1,2025-03-07,Assistant,10:00,14:00
ST_2,2025-03-07,Assistant,9:00,19:00
ST_3,2025-03-07,Assistant,11:00,19:00
ST_4,2025-03-07,Tech,9:00,12:00
ST_5,2025-03-07,Pharmacist,10:00,12:00
ST_6,2025-03-07,Assistant,8:00,19:00
ST_7,2025-03-07,Pharmacist,11:00,19:00
ST_8,2025-03-07,Assistant,11:00,12:00
ST_9,2025-03-07,Assistant,8:00,14:00
ST_10,2025-03-07,Tech,10:00,12:00
ST_11,2025-03-07,Tech,9:00,18:00
ST_12,2025-03-07,Assistant,11:00,15:00
ST_13,2025-03-07,Tech,10:00,14:00
ST_14,2025-03-07,Assistant,8:00,16:00
ST_15,2025-03-07,Tech,9:00,17:00
ST_16,2025-03-07,Assistant,10:00,15:00
ST_17,2025-03-07,Assistant,9:00,17:00
ST_18,2025-03-07,Pharmacist,10:00,18:00
ST_19,2025-03-07,Pharmacist,9:00,13:00
ST_20,2025-03-07,Tech,10:00,16:00
ST_1,2025-03-08,Pharmacist,9:00,18:00
ST_2,2025-03-08,Pharmacist,10:00,19:00
ST_3,2025-03-08,Tech,9:00,15:00
ST_4,2025-03-08,Pharmacist,9:00,12:00
ST_5,2025-03-08,Tech,11:00,15:00
ST_6,2025-03-08,Pharmacist,9:00,17:00
ST_7,2025-03-08,Assistant,10:00,17:00
ST_8,2025-03-08,Pharmacist,11:00,17:00
ST_9,2025-03-08,Assistant,11:00,16:00
ST_10,2025-03-08,Tech,9:00,19:00
ST_11,2025-03-08,Assistant,8:00,15:00
ST_12,2025-03-08,Pharmacist,8:00,17:00
ST_13,2025-03-08,Assistant,9:00,15:00
ST_14,2025-03-08,Assistant,10:00,16:00
ST_15,2025-03-08,Tech,8:00,18:00
ST_16,2025-03-08,Assistant,8:00,12:00
ST_17,2025-03-08,Assistant,11:00,17:00
ST_18,2025-03-08,Pharmacist,9:00,15:00
ST_19,2025-03-08,Assistant,8:00,16:00
ST_20,2025-03-08,Assistant,8:00,19:00
ST_1,2025-03-09,Pharmacist,9:00,16:00
ST_2,2025-03-09,Tech,8:00,16:00
ST_3,2025-03-09,Assistant,10:00,16:00
ST_4,2025-03-09,Tech,10:00,14:00
ST_5,2025-03-09,Assistant,11:00,16:00
ST_6,2025-03-09,Tech,9:00,12:00
ST_7,2025-03-09,Assistant,9:00,15:00
ST_8,2025-03-09,Tech,11:00,16:00
ST_9,2025-03-09,Tech,11:00,17:00
ST_10,2025-03-09,Assistant,10:00,15:00
ST_11,2025-03-09,Assistant,9:00,18:00
ST_12,2025-03-09,Pharmacist,10:00,14:00
ST_13,2025-03-09,Tech,10:00,15:00
ST_14,2025-03-09,Pharmacist,10:00,18:00
ST_15,2025-03-09,Pharmacist,8:00,18:00
ST_16,2025-03-09,Tech,8:00,12:00
ST_17,2025-03-09,Tech,8:00,12:00
ST_18,2025-03-09,Tech,10:00,17:00
ST_19,2025-03-09,Assistant,11:00,15:00
ST_20,2025-03-09,Pharmacist,8:00,18:00
ST_1,2025-03-10,Tech,8:00,13:00
ST_2,2025-03-10,Assistant,11:00,18:00
ST_3,2025-03-10,Assistant,9:00,19:00
ST_4,2025-03-10,Tech,11:00,18:00
ST_5,2025-03-10,Pharmacist,11:00,14:00
ST_6,2025-03-10,Pharmacist,11:00,16:00
ST_7,2025-03-10,Pharmacist,9:00,16:00
ST_8,2025-03-10,Pharmacist,10:00,16:00
ST_9,2025-03-10,Pharmacist,10:00,15:00
ST_10,2025-03-10,Tech,8:00,13:00
ST_11,2025-03-10,Assistant,9:00,12:00
ST_12,2025-03-10,Tech,11:00,13:00
ST_13,2025-03-10,Assistant,10:00,18:00
ST_14,2025-03-10,Assistant,11:00,18:00
ST_15,2025-03-10,Assistant,10:00,19:00
ST_16,2025-03-10,Assistant,11:00,19:00
ST_17,2025-03-10,Tech,10:00,19:00
ST_18,2025-03-10,Tech,8:00,15:00
ST_19,2025-03-10,Assistant,11:00,12:00
ST_20,2025-03-10,Assistant,11:00,12:00
ST_1,2025-03-11,Tech,10:00,13:00
ST_2,2025-03-11,Pharmacist,11:00,13:00
ST_3,2025-03-11,Assistant,9:00,19:00
ST_4,2025-03-11,Tech,8:00,15:00
ST_5,2025-03-11,Pharmacist,10:00,12:00
ST_6,2025-03-11,Tech,8:00,14:00
ST_7,2025-03-11,Pharmacist,11:00,18:00
ST_8,2025-03-11,Assistant,9:00,17:00
ST_9,2025-03-11,Tech,10:00,16:00
ST_10,2025-03-11,Pharmacist,10:00,14:00
ST_11,2025-03-11,Pharmacist,11:00,16:00
ST_12,2025-03-11,Assistant,8:00,16:00
ST_13,2025-03-11,Assistant,11:00,18:00
ST_14,2025-03-11,Tech,9:00,12:00
ST_15,2025-03-11,Assistant,11:00,16:00
ST_16,2025-03-11,Assistant,8:00,12:00
ST_17,2025-03-11,Assistant,11:00,15:00
ST_18,2025-03-11,Tech,11:00,17:00
ST_19,2025-03-11,Assistant,8:00,12:00
ST_20,2025-03-11,Pharmacist,10:00,19:00
ST_1,2025-03-12,Tech,10:00,13:00
ST_2,2025-03-12,Tech,10:00,13:00
ST_3,2025-03-12,Tech,11:00,15:00
ST_4,2025-03-12,Tech,8:00,14:00
ST_5,2025-03-12,Pharmacist,10:00,16:00
ST_6,2025-03-12,Tech,11:00,16:00
ST_7,2025-03-12,Pharmacist,10:00,14:00
ST_8,2025-03-12,Pharmacist,11:00,18:00
ST_9,2025-03-12,Tech,11:00,13:00
ST_10,2025-03-12,Tech,10:00,19:00
ST_11,2025-03-12,Assistant,8:00,14:00
ST_12,2025-03-12,Pharmacist,10:00,14:00
ST_13,2025-03-12,Pharmacist,9:00,14:00
ST_14,2025-03-12,Pharmacist,10:00,14:00
ST_15,2025-03-12,Assistant,10:00,19:00
ST_16,2025-03-12,Assistant,8:00,18:00
ST_17,2025-03-12,Pharmacist,8:00,17:00
ST_18,2025-03-12,Pharmacist,8:00,17:00
ST_19,2025-03-12,Assistant,11:00,17:00
ST_20,2025-03-12,Assistant,10:00,19:00
ST_1,2025-03-13,Pharmacist,10:00,17:00
ST_2,2025-03-13,Tech,10:00,19:00
ST_3,2025-03-13,Tech,11:00,17:00
ST_4,2025-03-13,Pharmacist,8:00,12:00
ST_5,2025-03-13,Assistant,11:00,16:00
ST_6,2025-03-13,Tech,8:00,15:00
ST_7,2025-03-13,Tech,8:00,19:00
ST_8,2025-03-13,Tech,8:00,12:00
ST_9,2025-03-13,Pharmacist,11:00,12:00
ST_10,2025-03-13,Tech,8:00,18:00
ST_11,2025-03-13,Pharmacist,11:00,16:00
ST_12,2025-03-13,Assistant,9:00,18:00
ST_13,2025-03-13,Tech,10:00,14:00
ST_14,2025-03-13,Assistant,9:00,16:00
ST_15,2025-03-13,Pharmacist,10:00,17:00
ST_16,2025-03-13,Tech,8:00,13:00
ST_17,2025-03-13,Tech,10:00,13:00
ST_18,2025-03-13,Tech,10:00,12:00
ST_19,2025-03-13,Pharmacist,9:00,14:00
ST_20,2025-03-13,Pharmacist,11:00,17:00
ST_1,2025-03-14,Pharmacist,9:00,19:00
ST_2,2025-03-14,Pharmacist,10:00,18:00
ST_3,2025-03-14,Pharmacist,10:00,19:00
ST_4,2025-03-14,Pharmacist,8:00,14:00
ST_5,2025-03-14,Tech,10:00,15:00
ST_6,2025-03-14,Tech,9:00,15:00
ST_7,2025-03-14,Tech,8:00,17:00
ST_8,2025-03-14,Tech,10:00,12:00
ST_9,2025-03-14,Pharmacist,9:00,14:00
ST_10,2025-03-14,Tech,8:00,18:00
ST_11,2025-03-14,Pharmacist,8:00,15:00
ST_12,2025-03-14,Pharmacist,8:00,15:00
ST_13,2025-03-14,Pharmacist,11:00,18:00
ST_14,2025-03-14,Assistant,8:00,17:00
ST_15,2025-03-14,Tech,11:00,15:00
ST_16,2025-03-14,Pharmacist,10:00,13:00
ST_17,2025-03-14,Assistant,10:00,17:00
ST_18,2025-03-14,Tech,10:00,17:00
ST_19,2025-03-14,Pharmacist,11:00,19:00
ST_20,2025-03-14,Tech,11:00,19:00
ST_1,2025-03-15,Assistant,10:00,19:00
ST_2,2025-03-15,Assistant,11:00,19:00
ST_3,2025-03-15,Assistant,10:00,18:00
ST_4,2025-03-15,Pharmacist,10:00,15:00
ST_5,2025-03-15,Assistant,8:00,18:00
ST_6,2025-03-15,Assistant,8:00,17:00
ST_7,2025-03-15,Tech,10:00,13:00
ST_8,2025-03-15,Tech,11:00,19:00
ST_9,2025-03-15,Pharmacist,9:00,14:00
ST_10,2025-03-15,Pharmacist,9:00,18:00
ST_11,2025-03-15,Pharmacist,11:00,18:00
ST_12,2025-03-15,Tech,10:00,15:00
ST_13,2025-03-15,Tech,9:00,17:00
ST_14,2025-03-15,Tech,9:00,12:00
ST_15,2025-03-15,Tech,11:00,12:00
ST_16,2025-03-15,Assistant,11:00,15:00
ST_17,2025-03-15,Assistant,8:00,15:00
ST_18,2025-03-15,Pharmacist,11:00,19:00
ST_19,2025-03-15,Assistant,8:00,16:00
ST_20,2025-03-15,Tech,11:00,18:00
ST_1,2025-03-16,Pharmacist,8:00,19:00
ST_2,2025-03-16,Pharmacist,11:00,19:00
ST_3,2025-03-16,Tech,10:00,14:00
ST_4,2025-03-16,Pharmacist,8:00,13:00
ST_5,2025-03-16,Pharmacist,8:00,19:00
ST_6,2025-03-16,Tech,11:00,15:00
ST_7,2025-03-16,Pharmacist,11:00,14:00
ST_8,2025-03-16,Assistant,10:00,13:00
ST_9,2025-03-16,Tech,10:00,14:00
ST_10,2025-03-16,Tech,8:00,12:00
ST_11,2025-03-16,Tech,11:00,14:00
ST_12,2025-03-16,Tech,10:00,17:00
ST_13,2025-03-16,Tech,11:00,13:00
ST_14,2025-03-16,Tech,9:00,13:00
ST_15,2025-03-16,Assistant,10:00,19:00
ST_16,2025-03-16,Pharmacist,9:00,19:00
ST_17,2025-03-16,Pharmacist,8:00,13:00
ST_18,2025-03-16,Tech,8:00,16:00
ST_19,2025-03-16,Tech,9:00,17:00
ST_20,2025-03-16,Assistant,11:00,19:00
ST_1,2025-03-17,Pharmacist,11:00,15:00
ST_2,2025-03-17,Pharmacist,8:00,18:00
ST_3,2025-03-17,Pharmacist,9:00,14:00
ST_4,2025-03-17,Pharmacist,11:00,14:00
ST_5,2025-03-17,Assistant,11:00,15:00
ST_6,2025-03-17,Tech,10:00,13:00
ST_7,2025-03-17,Tech,11:00,12:00
ST_8,2025-03-17,Tech,8:00,12:00
ST_9,2025-03-17,Pharmacist,9:00,16:00
ST_10,2025-03-17,Tech,11:00,13:00
ST_11,2025-03-17,Pharmacist,9:00,16:00
ST_12,2025-03-17,Pharmacist,11:00,16:00
ST_13,2025-03-17,Assistant,9:00,14:00
ST_14,2025-03-17,Assistant,9:00,15:00
ST_15,2025-03-17,Tech,11:00,12:00
ST_16,2025-03-17,Assistant,9:00,12:00
ST_17,2025-03-17,Tech,9:00,16:00
ST_18,2025-03-17,Tech,8:00,18:00
ST_19,2025-03-17,Pharmacist,9:00,18:00
ST_20,2025-03-17,Assistant,8:00,19:00
ST_1,2025-03-18,Pharmacist,11:00,16:00
ST_2,2025-03-18,Assistant,8:00,19:00
ST_3,2025-03-18,Tech,11:00,14:00
ST_4,2025-03-18,Pharmacist,10:00,17:00
ST_5,2025-03-18,Tech,9:00,12:00
ST_6,2025-03-18,Pharmacist,10:00,12:00
ST_7,2025-03-18,Assistant,8:00,15:00
ST_8,2025-03-18,Tech,8:00,15:00
ST_9,2025-03-18,Pharmacist,8:00,13:00
ST_10,2025-03-18,Assistant,11:00,12:00
ST_11,2025-03-18,Tech,8:00,12:00
ST_12,2025-03-18,Tech,8:00,12:00
ST_13,2025-03-18,Pharmacist,8:00,15:00
ST_14,2025-03-18,Pharmacist,9:00,13:00
ST_15,2025-03-18,Pharmacist,8:00,18:00
ST_16,2025-03-18,Tech,8:00,14:00
ST_17,2025-03-18,Tech,10:00,15:00
ST_18,2025-03-18,Assistant,11:00,16:00
ST_19,2025-03-18,Pharmacist,9:00,14:00
ST_20,2025-03-18,Assistant,8:00,13:00
ST_1,2025-03-19,Pharmacist,9:00,18:00
ST_2,2025-03-19,Tech,10:00,17:00
ST_3,2025-03-19,Pharmacist,11:00,15:00
ST_4,2025-03-19,Pharmacist,11:00,16:00
ST_5,2025-03-19,Tech,10:00,12:00
ST_6,2025-03-19,Tech,11:00,17:00
ST_7,2025-03-19,Pharmacist,8:00,12:00
ST_8,2025-03-19,Pharmacist,9:00,18:00
ST_9,2025-03-19,Assistant,9:00,18:00
ST_10,2025-03-19,Tech,9:00,17:00
ST_11,2025-03-19,Assistant,9:00,13:00
ST_12,2025-03-19,Pharmacist,8:00,18:00
ST_13,2025-03-19,Pharmacist,11:00,12:00
ST_14,2025-03-19,Pharmacist,9:00,19:00
ST_15,2025-03-19,Pharmacist,10:00,13:00
ST_16,2025-03-19,Assistant,10:00,14:00
ST_17,2025-03-19,Assistant,10:00,19:00
ST_18,2025-03-19,Pharmacist,11:00,19:00
ST_19,2025-03-19,Pharmacist,10:00,18:00
ST_20,2025-03-19,Pharmacist,10:00,16:00
ST_1,2025-03-20,Assistant,10:00,13:00
ST_2,2025-03-20,Assistant,9:00,18:00
ST_3,2025-03-20,Tech,8:00,18:00
ST_4,2025-03-20,Pharmacist,9:00,13:00
ST_5,2025-03-20,Tech,9:00,19:00
ST_6,2025-03-20,Pharmacist,9:00,14:00
ST_7,2025-03-20,Tech,8:00,19:00
ST_8,2025-03-20,Pharmacist,10:00,15:00
ST_9,2025-03-20,Pharmacist,9:00,18:00
ST_10,2025-03-20,Assistant,11:00,16:00
ST_11,2025-03-20,Assistant,11:00,17:00
ST_12,2025-03-20,Tech,11:00,12:00
ST_13,2025-03-20,Tech,9:00,19:00
ST_14,2025-03-20,Pharmacist,9:00,16:00
ST_15,2025-03-20,Pharmacist,8:00,18:00
ST_16,2025-03-20,Tech,9:00,17:00
ST_17,2025-03-20,Pharmacist,11:00,12:00
ST_18,2025-03-20,Tech,9:00,13:00
ST_19,2025-03-20,Tech,11:00,18:00
ST_20,2025-03-20,Pharmacist,11:00,18:00
ST_1,2025-03-21,Tech,11:00,19:00
ST_2,2025-03-21,Pharmacist,10:00,14:00
ST_3,2025-03-21,Pharmacist,10:00,13:00
ST_4,2025-03-21,Assistant,10:00,15:00
ST_5,2025-03-21,Tech,9:00,14:00
ST_6,2025-03-21,Tech,8:00,19:00
ST_7,2025-03-21,Pharmacist,9:00,13:00
ST_8,2025-03-21,Pharmacist,8:00,15:00
ST_9,2025-03-21,Assistant,11:00,18:00
ST_10,2025-03-21,Assistant,10:00,15:00
ST_11,2025-03-21,Pharmacist,8:00,12:00
ST_12,2025-03-21,Tech,11:00,12:00
ST_13,2025-03-21,Tech,11:00,15:00
ST_14,2025-03-21,Tech,9:00,18:00
ST_15,2025-03-21,Tech,8:00,12:00
ST_16,2025-03-21,Pharmacist,8:00,16:00
ST_17,2025-03-21,Pharmacist,9:00,12:00
ST_18,2025-03-21,Tech,10:00,12:00
ST_19,2025-03-21,Assistant,10:00,19:00
ST_20,2025-03-21,Assistant,8:00,19:00
ST_1,2025-03-22,Tech,11:00,14:00
ST_2,2025-03-22,Pharmacist,9:00,18:00
ST_3,2025-03-22,Pharmacist,11:00,17:00
ST_4,2025-03-22,Tech,8:00,14:00
ST_5,2025-03-22,Pharmacist,10:00,16:00
ST_6,2025-03-22,Tech,9:00,15:00
ST_7,2025-03-22,Tech,11:00,13:00
ST_8,2025-03-22,Tech,11:00,12:00
ST_9,2025-03-22,Pharmacist,8:00,14:00
ST_10,2025-03-22,Assistant,9:00,17:00
ST_11,2025-03-22,Tech,11:00,18:00
ST_12,2025-03-22,Assistant,8:00,18:00
ST_13,2025-03-22,Tech,11:00,16:00
ST_14,2025-03-22,Assistant,11:00,16:00
ST_15,2025-03-22,Assistant,10:00,14:00
ST_16,2025-03-22,Tech,10:00,13:00
ST_17,2025-03-22,Pharmacist,10:00,15:00
ST_18,2025-03-22,Tech,9:00,12:00
ST_19,2025-03-22,Pharmacist,8:00,14:00
ST_20,2025-03-22,Assistant,8:00,14:00
ST_1,2025-03-23,Tech,9:00,18:00
ST_2,2025-03-23,Assistant,11:00,13:00
ST_3,2025-03-23,Tech,10:00,15:00
ST_4,2025-03-23,Assistant,8:00,12:00
ST_5,2025-03-23,Assistant,9:00,15:00
ST_6,2025-03-23,Assistant,9:00,19:00
ST_7,2025-03-23,Assistant,10:00,17:00
ST_8,2025-03-23,Tech,10:00,17:00
ST_9,2025-03-23,Tech,10:00,19:00
ST_10,2025-03-23,Pharmacist,8:00,17:00
ST_11,2025-03-23,Assistant,11:00,13:00
ST_12,2025-03-23,Assistant,8:00,19:00
ST_13,2025-03-23,Pharmacist,11:00,19:00
ST_14,2025-03-23,Pharmacist,9:00,12:00
ST_15,2025-03-23,Pharmacist,9:00,14:00
ST_16,2025-03-23,Pharmacist,11:00,14:00
ST_17,2025-03-23,Assistant,9:00,18:00
ST_18,2025-03-23,Assistant,11:00,13:00
ST_19,2025-03-23,Assistant,8:00,17:00
ST_20,2025-03-23,Tech,11:00,17:00
ST_1,2025-03-24,Pharmacist,10:00,18:00
ST_2,2025-03-24,Assistant,11:00,16:00
ST_3,2025-03-24,Assistant,10:00,16:00
ST_4,2025-03-24,Pharmacist,10:00,16:00
ST_5,2025-03-24,Pharmacist,11:00,19:00
ST_6,2025-03-24,Pharmacist,9:00,13:00
ST_7,2025-03-24,Assistant,10:00,19:00
ST_8,2025-03-24,Pharmacist,10:00,13:00
ST_9,2025-03-24,Assistant,10:00,17:00
ST_10,2025-03-24,Tech,8:00,16:00
ST_11,2025-03-24,Pharmacist,10:00,18:00
ST_12,2025-03-24,Assistant,9:00,14:00
ST_13,2025-03-24,Tech,11:00,15:00
ST_14,2025-03-24,Assistant,10:00,19:00
ST_15,2025-03-24,Tech,9:00,13:00
ST_16,2025-03-24,Pharmacist,8:00,14:00
ST_17,2025-03-24,Assistant,11:00,18:00
ST_18,2025-03-24,Pharmacist,10:00,17:00
ST_19,2025-03-24,Tech,8:00,13:00
ST_20,2025-03-24,Tech,10:00,17:00
ST_1,2025-03-25,Tech,8:00,17:00
ST_2,2025-03-25,Tech,11:00,14:00
ST_3,2025-03-25,Assistant,10:00,16:00
ST_4,2025-03-25,Assistant,9:00,12:00
ST_5,2025-03-25,Tech,9:00,14:00
ST_6,2025-03-25,Pharmacist,8:00,18:00
ST_7,2025-03-25,Pharmacist,9:00,19:00
ST_8,2025-03-25,Pharmacist,9:00,16:00
ST_9,2025-03-25,Pharmacist,10:00,18:00
ST_10,2025-03-25,Pharmacist,11:00,13:00
ST_11,2025-03-25,Assistant,10:00,19:00
ST_12,2025-03-25,Assistant,11:00,12:00
ST_13,2025-03-25,Tech,11:00,13:00
ST_14,2025-03-25,Pharmacist,9:00,18:00
ST_15,2025-03-25,Tech,11:00,15:00
ST_16,2025-03-25,Assistant,10:00,12:00
ST_17,2025-03-25,Assistant,9:00,17:00
ST_18,2025-03-25,Tech,9:00,13:00
ST_19,2025-03-25,Assistant,8:00,16:00
ST_20,2025-03-25,Tech,10:00,19:00
ST_1,2025-03-26,Pharmacist,9:00,18:00
ST_2,2025-03-26,Pharmacist,10:00,13:00
ST_3,2025-03-26,Assistant,8:00,16:00
ST_4,2025-03-26,Assistant,11:00,16:00
ST_5,2025-03-26,Assistant,10:00,15:00
ST_6,2025-03-26,Tech,9:00,14:00
ST_7,2025-03-26,Pharmacist,9:00,16:00
ST_8,2025-03-26,Assistant,8:00,19:00
ST_9,2025-03-26,Pharmacist,10:00,13:00
ST_10,2025-03-26,Tech,8:00,14:00
ST_11,2025-03-26,Assistant,9:00,15:00
ST_12,2025-03-26,Assistant,10:00,12:00
ST_13,2025-03-26,Pharmacist,9:00,13:00
ST_14,2025-03-26,Pharmacist,10:00,18:00
ST_15,2025-03-26,Pharmacist,8:00,16:00
ST_16,2025-03-26,Pharmacist,10:00,15:00
ST_17,2025-03-26,Assistant,9:00,12:00
ST_18,2025-03-26,Tech,10:00,17:00
ST_19,2025-03-26,Assistant,10:00,17:00
ST_20,2025-03-26,Tech,11:00,12:00
ST_1,2025-03-27,Assistant,8:00,16:00
ST_2,2025-03-27,Assistant,9:00,12:00
ST_3,2025-03-27,Pharmacist,11:00,18:00
ST_4,2025-03-27,Tech,11:00,17:00
ST_5,2025-03-27,Pharmacist,10:00,19:00
ST_6,2025-03-27,Pharmacist,9:00,16:00
ST_7,2025-03-27,Assistant,11:00,12:00
ST_8,2025-03-27,Tech,11:00,18:00
ST_9,2025-03-27,Assistant,10:00,14:00
ST_10,2025-03-27,Assistant,11:00,16:00
ST_11,2025-03-27,Assistant,9:00,15:00
ST_12,2025-03-27,Assistant,9:00,15:00
ST_13,2025-03-27,Tech,9:00,17:00
ST_14,2025-03-27,Tech,8:00,17:00
ST_15,2025-03-27,Tech,9:00,16:00
ST_16,2025-03-27,Assistant,9:00,12:00
ST_17,2025-03-27,Pharmacist,8:00,14:00
ST_18,2025-03-27,Pharmacist,9:00,13:00
ST_19,2025-03-27,Tech,10:00,12:00
ST_20,2025-03-27,Tech,9:00,19:00
ST_1,2025-03-28,Tech,10:00,13:00
ST_2,2025-03-28,Pharmacist,11:00,16:00
ST_3,2025-03-28,Assistant,10:00,14:00
ST_4,2025-03-28,Pharmacist,10:00,14:00
ST_5,2025-03-28,Pharmacist,9:00,18:00
ST_6,2025-03-28,Tech,9:00,17:00
ST_7,2025-03-28,Tech,10:00,14:00
ST_8,2025-03-28,Assistant,8:00,16:00
ST_9,2025-03-28,Tech,11:00,12:00
ST_10,2025-03-28,Tech,9:00,18:00
ST_11,2025-03-28,Assistant,8:00,18:00
ST_12,2025-03-28,Pharmacist,10:00,15:00
ST_13,2025-03-28,Assistant,8:00,17:00
ST_14,2025-03-28,Pharmacist,10:00,17:00
ST_15,2025-03-28,Assistant,10:00,14:00
ST_16,2025-03-28,Tech,10:00,19:00
ST_17,2025-03-28,Pharmacist,11:00,15:00
ST_18,2025-03-28,Pharmacist,8:00,13:00
ST_19,2025-03-28,Pharmacist,10:00,15:00
ST_20,2025-03-28,Tech,10:00,19:00
ST_1,2025-03-29,Assistant,11:00,18:00
ST_2,2025-03-29,Pharmacist,8:00,17:00
ST_3,2025-03-29,Tech,8:00,19:00
ST_4,2025-03-29,Pharmacist,10:00,12:00
ST_5,2025-03-29,Assistant,8:00,14:00
ST_6,2025-03-29,Pharmacist,8:00,15:00
ST_7,2025-03-29,Tech,9:00,18:00
ST_8,2025-03-29,Tech,9:00,12:00
ST_9,2025-03-29,Assistant,9:00,19:00
ST_10,2025-03-29,Tech,8:00,15:00
ST_11,2025-03-29,Pharmacist,11:00,12:00
ST_12,2025-03-29,Assistant,8:00,18:00
ST_13,2025-03-29,Pharmacist,9:00,19:00
ST_14,2025-03-29,Assistant,11:00,16:00
ST_15,2025-03-29,Pharmacist,11:00,17:00
ST_16,2025-03-29,Tech,11:00,17:00
ST_17,2025-03-29,Pharmacist,11:00,15:00
ST_18,2025-03-29,Tech,9:00,18:00
ST_19,2025-03-29,Assistant,10:00,16:00
ST_20,2025-03-29,Assistant,11:00,16:00
ST_1,2025-03-30,Tech,8:00,12:00
ST_2,2025-03-30,Tech,10:00,14:00
ST_3,2025-03-30,Assistant,9:00,16:00
ST_4,2025-03-30,Tech,11:00,17:00
ST_5,2025-03-30,Tech,9:00,12:00
ST_6,2025-03-30,Assistant,11:00,18:00
ST_7,2025-03-30,Tech,8:00,13:00
ST_8,2025-03-30,Pharmacist,9:00,14:00
ST_9,2025-03-30,Assistant,9:00,19:00
ST_10,2025-03-30,Assistant,9:00,16:00
ST_11,2025-03-30,Pharmacist,8:00,12:00
ST_12,2025-03-30,Tech,10:00,16:00
ST_13,2025-03-30,Assistant,9:00,18:00
ST_14,2025-03-30,Assistant,10:00,19:00
ST_15,2025-03-30,Tech,9:00,13:00
ST_16,2025-03-30,Assistant,11:00,16:00
ST_17,2025-03-30,Pharmacist,10:00,15:00
ST_18,2025-03-30,Pharmacist,8:00,18:00
ST_19,2025-03-30,Tech,8:00,15:00
ST_20,2025-03-30,Tech,11:00,12:00
ST_1,2025-03-31,Assistant,10:00,19:00
ST_2,2025-03-31,Tech,9:00,13:00
ST_3,2025-03-31,Tech,10:00,19:00
ST_4,2025-03-31,Assistant,10:00,17:00
ST_5,2025-03-31,Assistant,10:00,12:00
ST_6,2025-03-31,Pharmacist,8:00,13:00
ST_7,2025-03-31,Tech,10:00,18:00
ST_8,2025-03-31,Tech,11:00,15:00
ST_9,2025-03-31,Pharmacist,10:00,15:00
ST_10,2025-03-31,Pharmacist,10:00,19:00
ST_11,2025-03-31,Pharmacist,11:00,18:00
ST_12,2025-03-31,Pharmacist,11:00,12:00
ST_13,2025-03-31,Tech,11:00,18:00
ST_14,2025-03-31,Pharmacist,9:00,14:00
ST_15,2025-03-31,Tech,8:00,14:00
ST_16,2025-03-31,Pharmacist,11:00,16:00
ST_17,2025-03-31,Tech,8:00,18:00
ST_18,2025-03-31,Tech,11:00,12:00
ST_19,2025-03-31,Pharmacist,11:00,19:00
ST_20,2025-03-31,Pharmacist,11:00,13:00
ST_1,2025-04-01,Assistant,9:00,12:00
ST_2,2025-04-01,Tech,8:00,17:00
ST_3,2025-04-01,Pharmacist,11:00,17:00
ST_4,2025-04-01,Pharmacist,11:00,16:00
ST_5,2025-04-01,Tech,9:00,12:00
ST_6,2025-04-01,Assistant,8:00,16:00
ST_7,2025-04-01,Assistant,8:00,17:00
ST_8,2025-04-01,Tech,11:00,18:00
ST_9,2025-04-01,Pharmacist,9:00,16:00
ST_10,2025-04-01,Assistant,9:00,14:00
ST_11,2025-04-01,Pharmacist,11:00,16:00
ST_12,2025-04-01,Pharmacist,10:00,13:00
ST_13,2025-04-01,Assistant,9:00,12:00
ST_14,2025-04-01,Pharmacist,11:00,19:00
ST_15,2025-04-01,Assistant,9:00,15:00
ST_16,2025-04-01,Pharmacist,8:00,18:00
ST_17,2025-04-01,Assistant,9:00,15:00
ST_18,2025-04-01,Pharmacist,9:00,15:00
ST_19,2025-04-01,Tech,9:00,18:00
ST_20,2025-04-01,Tech,9:00,13:00
ST_1,2025-04-02,Assistant,10:00,12:00
ST_2,2025-04-02,Assistant,10:00,19:00
ST_3,2025-04-02,Tech,8:00,18:00
ST_4,2025-04-02,Pharmacist,11:00,17:00
ST_5,2025-04-02,Assistant,9:00,17:00
ST_6,2025-04-02,Pharmacist,10:00,16:00
ST_7,2025-04-02,Tech,10:00,17:00
ST_8,2025-04-02,Pharmacist,8:00,17:00
ST_9,2025-04-02,Pharmacist,8:00,13:00
ST_10,2025-04-02,Assistant,11:00,18:00
ST_11,2025-04-02,Assistant,11:00,17:00
ST_12,2025-04-02,Tech,11:00,12:00
ST_13,2025-04-02,Assistant,8:00,17:00
ST_14,2025-04-02,Assistant,9:00,15:00
ST_15,2025-04-02,Pharmacist,8:00,17:00
ST_16,2025-04-02,Tech,11:00,18:00
ST_17,2025-04-02,Tech,11:00,12:00
ST_18,2025-04-02,Pharmacist,9:00,19:00
ST_19,2025-04-02,Tech,10:00,16:00
ST_20,2025-04-02,Pharmacist,11:00,12:00
ST_1,2025-04-03,Tech,8:00,19:00
ST_2,2025-04-03,Tech,11:00,14:00
ST_3,2025-04-03,Tech,11:00,14:00
ST_4,2025-04-03,Assistant,9:00,14:00
ST_5,2025-04-03,Tech,8:00,15:00
ST_6,2025-04-03,Tech,11:00,14:00
ST_7,2025-04-03,Assistant,8:00,13:00
ST_8,2025-04-03,Pharmacist,11:00,18:00
ST_9,2025-04-03,Tech,10:00,13:00
ST_10,2025-04-03,Pharmacist,11:00,16:00
ST_11,2025-04-03,Assistant,8:00,12:00
ST_12,2025-04-03,Assistant,10:00,14:00
ST_13,2025-04-03,Tech,10:00,17:00
ST_14,2025-04-03,Assistant,9:00,14:00
ST_15,2025-04-03,Tech,11:00,19:00
ST_16,2025-04-03,Pharmacist,10:00,18:00
ST_17,2025-04-03,Tech,8:00,15:00
ST_18,2025-04-03,Pharmacist,9:00,18:00
ST_19,2025-04-03,Pharmacist,10:00,15:00
ST_20,2025-04-03,Tech,10:00,16:00
ST_1,2025-04-04,Tech,11:00,16:00
ST_2,2025-04-04,Assistant,10:00,17:00
ST_3,2025-04-04,Pharmacist,11:00,16:00
ST_4,2025-04-04,Pharmacist,9:00,18:00
ST_5,2025-04-04,Assistant,10:00,15:00
ST_6,2025-04-04,Pharmacist,9:00,15:00
ST_7,2025-04-04,Pharmacist,9:00,16:00
ST_8,2025-04-04,Tech,11:00,12:00
ST_9,2025-04-04,Pharmacist,11:00,13:00
ST_10,2025-04-04,Assistant,10:00,17:00
ST_11,2025-04-04,Tech,10:00,12:00
ST_12,2025-04-04,Assistant,9:00,12:00
ST_13,2025-04-04,Tech,10:00,15:00
ST_14,2025-04-04,Pharmacist,11:00,18:00
ST_15,2025-04-04,Assistant,10:00,16:00
ST_16,2025-04-04,Assistant,11:00,16:00
ST_17,2025-04-04,Assistant,10:00,17:00
ST_18,2025-04-04,Assistant,8:00,13:00
ST_19,2025-04-04,Pharmacist,10:00,19:00
ST_20,2025-04-04,Tech,9:00,17:00
ST_1,2025-04-05,Pharmacist,9:00,15:00
ST_2,2025-04-05,Tech,8:00,16:00
ST_3,2025-04-05,Pharmacist,10:00,12:00
ST_4,2025-04-05,Pharmacist,9:00,18:00
ST_5,2025-04-05,Tech,8:00,12:00
ST_6,2025-04-05,Tech,10:00,14:00
ST_7,2025-04-05,Tech,8:00,14:00
ST_8,2025-04-05,Assistant,11:00,13:00
ST_9,2025-04-05,Assistant,11:00,19:00
ST_10,2025-04-05,Pharmacist,9:00,14:00
ST_11,2025-04-05,Pharmacist,8:00,13:00
ST_12,2025-04-05,Tech,8:00,16:00
ST_13,2025-04-05,Assistant,11:00,15:00
ST_14,2025-04-05,Assistant,10:00,18:00
ST_15,2025-04-05,Assistant,11:00,17:00
ST_16,2025-04-05,Assistant,10:00,14:00
ST_17,2025-04-05,Pharmacist,11:00,14:00
ST_18,2025-04-05,Tech,11:00,12:00
ST_19,2025-04-05,Pharmacist,10:00,16:00
ST_20,2025-04-05,Assistant,11:00,19:00
ST_1,2025-04-06,Assistant,10:00,15:00
ST_2,2025-04-06,Tech,8:00,16:00
ST_3,2025-04-06,Pharmacist,8:00,15:00
ST_4,2025-04-06,Pharmacist,11:00,14:00
ST_5,2025-04-06,Assistant,10:00,17:00
ST_6,2025-04-06,Tech,9:00,13:00
ST_7,2025-04-06,Pharmacist,9:00,16:00
ST_8,2025-04-06,Pharmacist,8:00,14:00
ST_9,2025-04-06,Assistant,8:00,13:00
ST_10,2025-04-06,Pharmacist,10:00,17:00
ST_11,2025-04-06,Assistant,9:00,18:00
ST_12,2025-04-06,Pharmacist,11:00,15:00
ST_13,2025-04-06,Assistant,9:00,18:00
ST_14,2025-04-06,Tech,10:00,15:00
ST_15,2025-04-06,Assistant,8:00,13:00
ST_16,2025-04-06,Tech,8:00,15:00
ST_17,2025-04-06,Assistant,11:00,13:00
ST_18,2025-04-06,Tech,9:00,12:00
ST_19,2025-04-06,Pharmacist,9:00,18:00
ST_20,2025-04-06,Assistant,8:00,18:00
ST_1,2025-04-07,Pharmacist,9:00,13:00
ST_2,2025-04-07,Tech,8:00,18:00
ST_3,2025-04-07,Tech,11:00,14:00
ST_4,2025-04-07,Assistant,8:00,16:00
ST_5,2025-04-07,Assistant,10:00,17:00
ST_6,2025-04-07,Tech,11:00,17:00
ST_7,2025-04-07,Assistant,8:00,15:00
ST_8,2025-04-07,Assistant,11:00,15:00
ST_9,2025-04-07,Tech,9:00,12:00
ST_10,2025-04-07,Assistant,11:00,17:00
ST_11,2025-04-07,Pharmacist,9:00,16:00
ST_12,2025-04-07,Assistant,11:00,16:00
ST_13,2025-04-07,Assistant,10:00,13:00
ST_14,2025-04-07,Assistant,11:00,13:00
ST_15,2025-04-07,Tech,11:00,14:00
ST_16,2025-04-07,Pharmacist,10:00,15:00
ST_17,2025-04-07,Assistant,8:00,15:00
ST_18,2025-04-07,Tech,9:00,18:00
ST_19,2025-04-07,Pharmacist,8:00,16:00
ST_20,2025-04-07,Pharmacist,11:00,14:00
ST_1,2025-04-08,Assistant,9:00,12:00
ST_2,2025-04-08,Assistant,11:00,15:00
ST_3,2025-04-08,Assistant,8:00,15:00
ST_4,2025-04-08,Pharmacist,9:00,12:00
ST_5,2025-04-08,Tech,9:00,16:00
ST_6,2025-04-08,Pharmacist,10:00,19:00
ST_7,2025-04-08,Pharmacist,8:00,17:00
ST_8,2025-04-08,Pharmacist,11:00,18:00
ST_9,2025-04-08,Assistant,8:00,16:00
ST_10,2025-04-08,Tech,8:00,17:00
ST_11,2025-04-08,Pharmacist,9:00,14:00
ST_12,2025-04-08,Pharmacist,8:00,15:00
ST_13,2025-04-08,Tech,9:00,19:00
ST_14,2025-04-08,Pharmacist,9:00,12:00
ST_15,2025-04-08,Assistant,9:00,12:00
ST_16,2025-04-08,Assistant,8:00,16:00
ST_17,2025-04-08,Assistant,9:00,19:00
ST_18,2025-04-08,Assistant,8:00,19:00
ST_19,2025-04-08,Assistant,11:00,12:00
ST_20,2025-04-08,Assistant,9:00,18:00
ST_1,2025-04-09,Assistant,11:00,19:00
ST_2,2025-04-09,Tech,11:00,15:00
ST_3,2025-04-09,Pharmacist,10:00,19:00
ST_4,2025-04-09,Pharmacist,10:00,13:00
ST_5,2025-04-09,Assistant,8:00,12:00
ST_6,2025-04-09,Tech,8:00,17:00
ST_7,2025-04-09,Tech,8:00,16:00
ST_8,2025-04-09,Tech,8:00,19:00
ST_9,2025-04-09,Tech,10:00,12:00
ST_10,2025-04-09,Pharmacist,11:00,17:00
ST_11,2025-04-09,Assistant,10:00,16:00
ST_12,2025-04-09,Tech,9:00,12:00
ST_13,2025-04-09,Assistant,9:00,19:00
ST_14,2025-04-09,Tech,8:00,12:00
ST_15,2025-04-09,Assistant,10:00,19:00
ST_16,2025-04-09,Tech,8:00,15:00
ST_17,2025-04-09,Pharmacist,8:00,15:00
ST_18,2025-04-09,Assistant,10:00,15:00
ST_19,2025-04-09,Tech,11:00,12:00
ST_20,2025-04-09,Assistant,8:00,14:00
ST_1,2025-04-10,Pharmacist,11:00,15:00
ST_2,2025-04-10,Tech,10:00,19:00
ST_3,2025-04-10,Assistant,11:00,13:00
ST_4,2025-04-10,Tech,8:00,14:00
ST_5,2025-04-10,Pharmacist,8:00,12:00
ST_6,2025-04-10,Assistant,9:00,15:00
ST_7,2025-04-10,Pharmacist,10:00,12:00
ST_8,2025-04-10,Tech,11:00,15:00
ST_9,2025-04-10,Tech,10:00,14:00
ST_10,2025-04-10,Tech,11:00,18:00
ST_11,2025-04-10,Tech,8:00,13:00
ST_12,2025-04-10,Pharmacist,10:00,19:00
ST_13,2025-04-10,Pharmacist,9:00,14:00
ST_14,2025-04-10,Assistant,9:00,18:00
ST_15,2025-04-10,Tech,8:00,15:00
ST_16,2025-04-10,Pharmacist,11:00,14:00
ST_17,2025-04-10,Tech,9:00,16:00
ST_18,2025-04-10,Pharmacist,10:00,17:00
ST_19,2025-04-10,Assistant,10:00,18:00
ST_20,2025-04-10,Tech,8:00,17:00
ST_1,2025-04-11,Tech,11:00,15:00
ST_2,2025-04-11,Tech,11:00,15:00
ST_3,2025-04-11,Assistant,10:00,17:00
ST_4,2025-04-11,Assistant,10:00,16:00
ST_5,2025-04-11,Tech,9:00,18:00
ST_6,2025-04-11,Tech,9:00,17:00
ST_7,2025-04-11,Tech,10:00,16:00
ST_8,2025-04-11,Assistant,8:00,17:00
ST_9,2025-04-11,Tech,9:00,15:00
ST_10,2025-04-11,Tech,9:00,15:00
ST_11,2025-04-11,Tech,9:00,12:00
ST_12,2025-04-11,Assistant,9:00,13:00
ST_13,2025-04-11,Tech,8:00,13:00
ST_14,2025-04-11,Assistant,11:00,16:00
ST_15,2025-04-11,Pharmacist,9:00,16:00
ST_16,2025-04-11,Tech,11:00,19:00
ST_17,2025-04-11,Assistant,10:00,12:00
ST_18,2025-04-11,Pharmacist,9:00,19:00
ST_19,2025-04-11,Pharmacist,11:00,18:00
ST_20,2025-04-11,Pharmacist,10:00,17:00
ST_1,2025-04-12,Assistant,8:00,18:00
ST_2,2025-04-12,Assistant,8:00,17:00
ST_3,2025-04-12,Assistant,8:00,14:00
ST_4,2025-04-12,Assistant,11:00,14:00
ST_5,2025-04-12,Tech,10:00,16:00
ST_6,2025-04-12,Pharmacist,11:00,19:00
ST_7,2025-04-12,Assistant,11:00,13:00
ST_8,2025-04-12,Pharmacist,11:00,17:00
ST_9,2025-04-12,Tech,11:00,15:00
ST_10,2025-04-12,Pharmacist,8:00,13:00
ST_11,2025-04-12,Assistant,9:00,16:00
ST_12,2025-04-12,Tech,8:00,14:00
ST_13,2025-04-12,Assistant,10:00,14:00
ST_14,2025-04-12,Assistant,8:00,13:00
ST_15,2025-04-12,Assistant,8:00,13:00
ST_16,2025-04-12,Tech,10:00,18:00
ST_17,2025-04-12,Tech,9:00,16:00
ST_18,2025-04-12,Assistant,9:00,13:00
ST_19,2025-04-12,Assistant,8:00,12:00
ST_20,2025-04-12,Assistant,8:00,19:00
ST_1,2025-04-13,Pharmacist,8:00,19:00
ST_2,2025-04-13,Tech,9:00,12:00
ST_3,2025-04-13,Assistant,10:00,18:00
ST_4,2025-04-13,Pharmacist,11:00,18:00
ST_5,2025-04-13,Tech,10:00,18:00
ST_6,2025-04-13,Tech,9:00,16:00
ST_7,2025-04-13,Pharmacist,8:00,16:00
ST_8,2025-04-13,Pharmacist,9:00,17:00
ST_9,2025-04-13,Tech,10:00,14:00
ST_10,2025-04-13,Assistant,8:00,19:00
ST_11,2025-04-13,Assistant,8:00,16:00
ST_12,2025-04-13,Pharmacist,8:00,18:00
ST_13,2025-04-13,Tech,8:00,19:00
ST_14,2025-04-13,Assistant,8:00,15:00
ST_15,2025-04-13,Pharmacist,9:00,16:00
ST_16,2025-04-13,Tech,11:00,14:00
ST_17,2025-04-13,Pharmacist,9:00,15:00
ST_18,2025-04-13,Pharmacist,8:00,16:00
ST_19,2025-04-13,Tech,10:00,15:00
ST_20,2025-04-13,Tech,10:00,15:00
ST_1,2025-04-14,Tech,9:00,14:00
ST_2,2025-04-14,Assistant,10:00,13:00
ST_3,2025-04-14,Assistant,8:00,16:00
ST_4,2025-04-14,Pharmacist,8:00,15:00
ST_5,2025-04-14,Assistant,10:00,16:00
ST_6,2025-04-14,Assistant,8:00,13:00
ST_7,2025-04-14,Assistant,9:00,18:00
ST_8,2025-04-14,Assistant,10:00,17:00
ST_9,2025-04-14,Tech,8:00,19:00
ST_10,2025-04-14,Tech,9:00,16:00
ST_11,2025-04-14,Tech,11:00,17:00
ST_12,2025-04-14,Pharmacist,11:00,13:00
ST_13,2025-04-14,Pharmacist,11:00,15:00
ST_14,2025-04-14,Assistant,10:00,13:00
ST_15,2025-04-14,Assistant,9:00,12:00
ST_16,2025-04-14,Pharmacist,8:00,18:00
ST_17,2025-04-14,Pharmacist,11:00,15:00
ST_18,2025-04-14,Pharmacist,11:00,17:00
ST_19,2025-04-14,Tech,9:00,13:00
ST_20,2025-04-14,Pharmacist,9:00,19:00
ST_1,2025-04-15,Assistant,10:00,14:00
ST_2,2025-04-15,Tech,8:00,17:00
ST_3,2025-04-15,Assistant,11:00,13:00
ST_4,2025-04-15,Assistant,11:00,12:00
ST_5,2025-04-15,Pharmacist,11:00,12:00
ST_6,2025-04-15,Pharmacist,8:00,13:00
ST_7,2025-04-15,Pharmacist,11:00,17:00
ST_8,2025-04-15,Assistant,10:00,12:00
ST_9,2025-04-15,Tech,11:00,12:00
ST_10,2025-04-15,Assistant,9:00,14:00
ST_11,2025-04-15,Tech,10:00,12:00
ST_12,2025-04-15,Pharmacist,8:00,14:00
ST_13,2025-04-15,Assistant,10:00,19:00
ST_14,2025-04-15,Pharmacist,10:00,14:00
ST_15,2025-04-15,Pharmacist,10:00,15:00
ST_16,2025-04-15,Tech,10:00,19:00
ST_17,2025-04-15,Pharmacist,9:00,12:00
ST_18,2025-04-15,Pharmacist,8:00,13:00
ST_19,2025-04-15,Tech,8:00,18:00
ST_20,2025-04-15,Tech,8:00,18:00
ST_1,2025-04-16,Pharmacist,11:00,17:00
ST_2,2025-04-16,Tech,10:00,17:00
ST_3,2025-04-16,Pharmacist,8:00,18:00
ST_4,2025-04-16,Assistant,10:00,18:00
ST_5,2025-04-16,Pharmacist,8:00,16:00
ST_6,2025-04-16,Pharmacist,11:00,18:00
ST_7,2025-04-16,Tech,8:00,17:00
ST_8,2025-04-16,Assistant,11:00,18:00
ST_9,2025-04-16,Tech,11:00,18:00
ST_10,2025-04-16,Tech,8:00,14:00
ST_11,2025-04-16,Assistant,9:00,17:00
ST_12,2025-04-16,Tech,9:00,17:00
ST_13,2025-04-16,Assistant,9:00,12:00
ST_14,2025-04-16,Tech,11:00,18:00
ST_15,2025-04-16,Pharmacist,10:00,19:00
ST_16,2025-04-16,Tech,10:00,14:00
ST_17,2025-04-16,Tech,10:00,18:00
ST_18,2025-04-16,Assistant,11:00,15:00
ST_19,2025-04-16,Pharmacist,10:00,13:00
ST_20,2025-04-16,Tech,10:00,13:00
ST_1,2025-04-17,Pharmacist,9:00,19:00
ST_2,2025-04-17,Tech,10:00,12:00
ST_3,2025-04-17,Pharmacist,9:00,13:00
ST_4,2025-04-17,Assistant,11:00,14:00
ST_5,2025-04-17,Pharmacist,10:00,12:00
ST_6,2025-04-17,Pharmacist,9:00,12:00
ST_7,2025-04-17,Pharmacist,11:00,12:00
ST_8,2025-04-17,Pharmacist,9:00,18:00
ST_9,2025-04-17,Assistant,8:00,18:00
ST_10,2025-04-17,Assistant,8:00,19:00
ST_11,2025-04-17,Pharmacist,10:00,13:00
ST_12,2025-04-17,Assistant,11:00,16:00
ST_13,2025-04-17,Assistant,10:00,13:00
ST_14,2025-04-17,Assistant,10:00,16:00
ST_15,2025-04-17,Tech,10:00,19:00
ST_16,2025-04-17,Assistant,11:00,12:00
ST_17,2025-04-17,Pharmacist,9:00,17:00
ST_18,2025-04-17,Tech,11:00,16:00
ST_19,2025-04-17,Pharmacist,8:00,12:00
ST_20,2025-04-17,Tech,9:00,15:00
ST_1,2025-04-18,Tech,8:00,12:00
ST_2,2025-04-18,Pharmacist,8:00,19:00
ST_3,2025-04-18,Assistant,9:00,17:00
ST_4,2025-04-18,Assistant,9:00,12:00
ST_5,2025-04-18,Tech,8:00,12:00
ST_6,2025-04-18,Pharmacist,11:00,14:00
ST_7,2025-04-18,Tech,8:00,17:00
ST_8,2025-04-18,Assistant,11:00,13:00
ST_9,2025-04-18,Tech,11:00,17:00
ST_10,2025-04-18,Tech,10:00,17:00
ST_11,2025-04-18,Pharmacist,10:00,13:00
ST_12,2025-04-18,Tech,11:00,15:00
ST_13,2025-04-18,Pharmacist,10:00,14:00
ST_14,2025-04-18,Pharmacist,9:00,17:00
ST_15,2025-04-18,Assistant,10:00,17:00
ST_16,2025-04-18,Pharmacist,8:00,13:00
ST_17,2025-04-18,Pharmacist,11:00,14:00
ST_18,2025-04-18,Tech,11:00,15:00
ST_19,2025-04-18,Pharmacist,8:00,14:00
ST_20,2025-04-18,Assistant,9:00,18:00
ST_1,2025-04-19,Assistant,11:00,19:00
ST_2,2025-04-19,Tech,8:00,18:00
ST_3,2025-04-19,Tech,10:00,19:00
ST_4,2025-04-19,Assistant,8:00,18:00
ST_5,2025-04-19,Assistant,11:00,18:00
ST_6,2025-04-19,Pharmacist,10:00,19:00
ST_7,2025-04-19,Tech,11:00,15:00
ST_8,2025-04-19,Tech,8:00,19:00
ST_9,2025-04-19,Pharmacist,8:00,14:00
ST_10,2025-04-19,Pharmacist,9:00,15:00
ST_11,2025-04-19,Tech,10:00,15:00
ST_12,2025-04-19,Assistant,10:00,18:00
ST_13,2025-04-19,Tech,9:00,16:00
ST_14,2025-04-19,Assistant,9:00,17:00
ST_15,2025-04-19,Pharmacist,9:00,15:00
ST_16,2025-04-19,Tech,10:00,12:00
ST_17,2025-04-19,Assistant,10:00,16:00
ST_18,2025-04-19,Pharmacist,11:00,15:00
ST_19,2025-04-19,Assistant,10:00,18:00
ST_20,2025-04-19,Assistant,8:00,17:00
ST_1,2025-04-20,Pharmacist,9:00,16:00
ST_2,2025-04-20,Assistant,9:00,16:00
ST_3,2025-04-20,Pharmacist,11:00,12:00
ST_4,2025-04-20,Assistant,8:00,16:00
ST_5,2025-04-20,Assistant,9:00,13:00
ST_6,2025-04-20,Assistant,9:00,19:00
ST_7,2025-04-20,Pharmacist,8:00,17:00
ST_8,2025-04-20,Tech,9:00,18:00
ST_9,2025-04-20,Tech,10:00,17:00
ST_10,2025-04-20,Assistant,10:00,16:00
ST_11,2025-04-20,Tech,8:00,12:00
ST_12,2025-04-20,Assistant,10:00,18:00
ST_13,2025-04-20,Assistant,8:00,18:00
ST_14,2025-04-20,Pharmacist,8:00,17:00
ST_15,2025-04-20,Tech,10:00,16:00
ST_16,2025-04-20,Pharmacist,11:00,15:00
ST_17,2025-04-20,Pharmacist,9:00,12:00
ST_18,2025-04-20,Pharmacist,8:00,13:00
ST_19,2025-04-20,Assistant,10:00,18:00
ST_20,2025-04-20,Tech,9:00,18:00
ST_1,2025-04-21,Assistant,9:00,18:00
ST_2,2025-04-21,Pharmacist,11:00,17:00
ST_3,2025-04-21,Assistant,10:00,17:00
ST_4,2025-04-21,Tech,8:00,17:00
ST_5,2025-04-21,Tech,8:00,15:00
ST_6,2025-04-21,Assistant,9:00,18:00
ST_7,2025-04-21,Pharmacist,9:00,16:00
ST_8,2025-04-21,Assistant,11:00,16:00
ST_9,2025-04-21,Tech,9:00,18:00
ST_10,2025-04-21,Assistant,10:00,18:00
ST_11,2025-04-21,Tech,9:00,13:00
ST_12,2025-04-21,Pharmacist,11:00,19:00
ST_13,2025-04-21,Pharmacist,10:00,14:00
ST_14,2025-04-21,Assistant,9:00,16:00
ST_15,2025-04-21,Assistant,11:00,14:00
ST_16,2025-04-21,Tech,8:00,14:00
ST_17,2025-04-21,Assistant,10:00,14:00
ST_18,2025-04-21,Pharmacist,8:00,18:00
ST_19,2025-04-21,Tech,10:00,17:00
ST_20,2025-04-21,Assistant,10:00,17:00
ST_1,2025-04-22,Assistant,11:00,16:00
ST_2,2025-04-22,Tech,8:00,13:00
ST_3,2025-04-22,Pharmacist,11:00,19:00
ST_4,2025-04-22,Assistant,11:00,19:00
ST_5,2025-04-22,Assistant,9:00,19:00
ST_6,2025-04-22,Pharmacist,11:00,18:00
ST_7,2025-04-22,Pharmacist,11:00,12:00
ST_8,2025-04-22,Tech,10:00,15:00
ST_9,2025-04-22,Tech,9:00,14:00
ST_10,2025-04-22,Pharmacist,9:00,14:00
ST_11,2025-04-22,Pharmacist,8:00,16:00
ST_12,2025-04-22,Tech,9:00,18:00
ST_13,2025-04-22,Pharmacist,8:00,14:00
ST_14,2025-04-22,Pharmacist,8:00,14:00
ST_15,2025-04-22,Assistant,9:00,15:00
ST_16,2025-04-22,Tech,9:00,18:00
ST_17,2025-04-22,Tech,11:00,16:00
ST_18,2025-04-22,Tech,9:00,13:00
ST_19,2025-04-22,Assistant,8:00,18:00
ST_20,2025-04-22,Pharmacist,9:00,19:00
ST_1,2025-04-23,Tech,8:00,14:00
ST_2,2025-04-23,Assistant,9:00,12:00
ST_3,2025-04-23,Pharmacist,8:00,19:00
ST_4,2025-04-23,Pharmacist,9:00,14:00
ST_5,2025-04-23,Tech,8:00,15:00
ST_6,2025-04-23,Assistant,9:00,16:00
ST_7,2025-04-23,Tech,8:00,19:00
ST_8,2025-04-23,Tech,11:00,17:00
ST_9,2025-04-23,Tech,8:00,14:00
ST_10,2025-04-23,Assistant,11:00,15:00
ST_11,2025-04-23,Pharmacist,11:00,14:00
ST_12,2025-04-23,Assistant,9:00,13:00
ST_13,2025-04-23,Pharmacist,8:00,15:00
ST_14,2025-04-23,Tech,8:00,12:00
ST_15,2025-04-23,Assistant,8:00,16:00
ST_16,2025-04-23,Tech,11:00,19:00
ST_17,2025-04-23,Pharmacist,9:00,19:00
ST_18,2025-04-23,Pharmacist,11:00,19:00
ST_19,2025-04-23,Assistant,9:00,12:00
ST_20,2025-04-23,Pharmacist,10:00,16:00
ST_1,2025-04-24,Assistant,9:00,15:00
ST_2,2025-04-24,Tech,8:00,13:00
ST_3,2025-04-24,Assistant,10:00,12:00
ST_4,2025-04-24,Assistant,10:00,18:00
ST_5,2025-04-24,Pharmacist,11:00,17:00
ST_6,2025-04-24,Assistant,9:00,13:00
ST_7,2025-04-24,Pharmacist,8:00,17:00
ST_8,2025-04-24,Pharmacist,9:00,14:00
ST_9,2025-04-24,Tech,11:00,17:00
ST_10,2025-04-24,Assistant,8:00,17:00
ST_11,2025-04-24,Pharmacist,10:00,15:00
ST_12,2025-04-24,Tech,9:00,15:00
ST_13,2025-04-24,Tech,9:00,19:00
ST_14,2025-04-24,Pharmacist,8:00,15:00
ST_15,2025-04-24,Assistant,11:00,19:00
ST_16,2025-04-24,Pharmacist,9:00,14:00
ST_17,2025-04-24,Tech,9:00,14:00
ST_18,2025-04-24,Tech,9:00,18:00
ST_19,2025-04-24,Pharmacist,10:00,14:00
ST_20,2025-04-24,Assistant,8:00,19:00
ST_1,2025-04-25,Assistant,8:00,13:00
ST_2,2025-04-25,Assistant,9:00,13:00
ST_3,2025-04-25,Pharmacist,9:00,17:00
ST_4,2025-04-25,Assistant,9:00,18:00
ST_5,2025-04-25,Tech,11:00,15:00
ST_6,2025-04-25,Pharmacist,9:00,12:00
ST_7,2025-04-25,Assistant,10:00,17:00
ST_8,2025-04-25,Tech,11:00,18:00
ST_9,2025-04-25,Assistant,10:00,12:00
ST_10,2025-04-25,Tech,10:00,14:00
ST_11,2025-04-25,Tech,9:00,12:00
ST_12,2025-04-25,Assistant,11:00,17:00
ST_13,2025-04-25,Pharmacist,11:00,14:00
ST_14,2025-04-25,Pharmacist,9:00,12:00
ST_15,2025-04-25,Assistant,9:00,19:00
ST_16,2025-04-25,Assistant,8:00,16:00
ST_17,2025-04-25,Pharmacist,9:00,16:00
ST_18,2025-04-25,Tech,8:00,16:00
ST_19,2025-04-25,Tech,9:00,13:00
ST_20,2025-04-25,Assistant,11:00,16:00
ST_1,2025-04-26,Assistant,11:00,12:00
ST_2,2025-04-26,Pharmacist,8:00,19:00
ST_3,2025-04-26,Pharmacist,10:00,16:00
ST_4,2025-04-26,Assistant,9:00,19:00
ST_5,2025-04-26,Assistant,8:00,14:00
ST_6,2025-04-26,Assistant,9:00,15:00
ST_7,2025-04-26,Tech,11:00,13:00
ST_8,2025-04-26,Pharmacist,10:00,18:00
ST_9,2025-04-26,Tech,8:00,12:00
ST_10,2025-04-26,Pharmacist,9:00,15:00
ST_11,2025-04-26,Pharmacist,8:00,15:00
ST_12,2025-04-26,Pharmacist,9:00,13:00
ST_13,2025-04-26,Assistant,10:00,18:00
ST_14,2025-04-26,Tech,10:00,12:00
ST_15,2025-04-26,Tech,9:00,18:00
ST_16,2025-04-26,Pharmacist,8:00,17:00
ST_17,2025-04-26,Tech,10:00,12:00
ST_18,2025-04-26,Tech,11:00,16:00
ST_19,2025-04-26,Tech,10:00,13:00
ST_20,2025-04-26,Tech,11:00,13:00
ST_1,2025-04-27,Assistant,11:00,19:00
ST_2,2025-04-27,Assistant,11:00,14:00
ST_3,2025-04-27,Tech,9:00,16:00
ST_4,2025-04-27,Assistant,10:00,15:00
ST_5,2025-04-27,Tech,10:00,16:00
ST_6,2025-04-27,Assistant,10:00,18:00
ST_7,2025-04-27,Pharmacist,8:00,14:00
ST_8,2025-04-27,Pharmacist,9:00,18:00
ST_9,2025-04-27,Pharmacist,8:00,16:00
ST_10,2025-04-27,Tech,8:00,15:00
ST_11,2025-04-27,Tech,9:00,12:00
ST_12,2025-04-27,Tech,8:00,12:00
ST_13,2025-04-27,Pharmacist,11:00,15:00
ST_14,2025-04-27,Assistant,9:00,15:00
ST_15,2025-04-27,Tech,8:00,17:00
ST_16,2025-04-27,Pharmacist,9:00,19:00
ST_17,2025-04-27,Tech,8:00,19:00
ST_18,2025-04-27,Pharmacist,8:00,19:00
ST_19,2025-04-27,Tech,10:00,14:00
ST_20,2025-04-27,Tech,9:00,15:00
ST_1,2025-04-28,Pharmacist,11:00,15:00
ST_2,2025-04-28,Pharmacist,8:00,13:00
ST_3,2025-04-28,Pharmacist,8:00,17:00
ST_4,2025-04-28,Assistant,8:00,19:00
ST_5,2025-04-28,Assistant,8:00,19:00
ST_6,2025-04-28,Pharmacist,8:00,19:00
ST_7,2025-04-28,Tech,9:00,19:00
ST_8,2025-04-28,Pharmacist,8:00,17:00
ST_9,2025-04-28,Tech,10:00,17:00
ST_10,2025-04-28,Pharmacist,9:00,15:00
ST_11,2025-04-28,Assistant,10:00,12:00
ST_12,2025-04-28,Tech,10:00,18:00
ST_13,2025-04-28,Assistant,11:00,16:00
ST_14,2025-04-28,Assistant,9:00,19:00
ST_15,2025-04-28,Pharmacist,9:00,15:00
ST_16,2025-04-28,Tech,10:00,16:00
ST_17,2025-04-28,Pharmacist,9:00,16:00
ST_18,2025-04-28,Pharmacist,8:00,16:00
ST_19,2025-04-28,Assistant,11:00,13:00
ST_20,2025-04-28,Tech,8:00,12:00
ST_1,2025-04-29,Tech,9:00,14:00
ST_2,2025-04-29,Pharmacist,9:00,15:00
ST_3,2025-04-29,Assistant,10:00,12:00
ST_4,2025-04-29,Assistant,10:00,19:00
ST_5,2025-04-29,Assistant,11:00,14:00
ST_6,2025-04-29,Assistant,8:00,16:00
ST_7,2025-04-29,Pharmacist,8:00,17:00
ST_8,2025-04-29,Pharmacist,8:00,12:00
ST_9,2025-04-29,Assistant,10:00,14:00
ST_10,2025-04-29,Pharmacist,11:00,17:00
ST_11,2025-04-29,Tech,11:00,16:00
ST_12,2025-04-29,Tech,9:00,15:00
ST_13,2025-04-29,Pharmacist,11:00,18:00
ST_14,2025-04-29,Tech,11:00,14:00
ST_15,2025-04-29,Pharmacist,10:00,17:00
ST_16,2025-04-29,Assistant,10:00,18:00
ST_17,2025-04-29,Pharmacist,8:00,16:00
ST_18,2025-04-29,Pharmacist,11:00,18:00
ST_19,2025-04-29,Tech,10:00,15:00
ST_20,2025-04-29,Assistant,10:00,13:00
ST_1,2025-04-30,Tech,9:00,18:00
ST_2,2025-04-30,Pharmacist,8:00,18:00
ST_3,2025-04-30,Pharmacist,8:00,18:00
ST_4,2025-04-30,Assistant,11:00,12:00
ST_5,2025-04-30,Assistant,8:00,13:00
ST_6,2025-04-30,Tech,11:00,14:00
ST_7,2025-04-30,Pharmacist,9:00,14:00
ST_8,2025-04-30,Tech,9:00,18:00
ST_9,2025-04-30,Tech,10:00,15:00
ST_10,2025-04-30,Assistant,9:00,13:00
ST_11,2025-04-30,Pharmacist,11:00,13:00
ST_12,2025-04-30,Pharmacist,11:00,18:00
ST_13,2025-04-30,Tech,9:00,18:00
ST_14,2025-04-30,Tech,8:00,13:00
ST_15,2025-04-30,Pharmacist,11:00,19:00
ST_16,2025-04-30,Tech,9:00,14:00
ST_17,2025-04-30,Pharmacist,10:00,14:00
ST_18,2025-04-30,Assistant,8:00,14:00
ST_19,2025-04-30,Pharmacist,8:00,17:00
ST_20,2025-04-30,Pharmacist,11:00,15:00
ST_1,2025-05-01,Pharmacist,9:00,19:00
ST_2,2025-05-01,Assistant,9:00,13:00
ST_3,2025-05-01,Tech,11:00,12:00
ST_4,2025-05-01,Tech,8:00,15:00
ST_5,2025-05-01,Pharmacist,8:00,16:00
ST_6,2025-05-01,Assistant,8:00,16:00
ST_7,2025-05-01,Tech,11:00,19:00
ST_8,2025-05-01,Tech,8:00,19:00
ST_9,2025-05-01,Assistant,10:00,17:00
ST_10,2025-05-01,Assistant,9:00,14:00
ST_11,2025-05-01,Assistant,10:00,13:00
ST_12,2025-05-01,Tech,8:00,12:00
ST_13,2025-05-01,Assistant,10:00,19:00
ST_14,2025-05-01,Assistant,9:00,14:00
ST_15,2025-05-01,Pharmacist,10:00,15:00
ST_16,2025-05-01,Pharmacist,10:00,15:00
ST_17,2025-05-01,Assistant,10:00,15:00
ST_18,2025-05-01,Pharmacist,8:00,17:00
ST_19,2025-05-01,Pharmacist,10:00,15:00
ST_20,2025-05-01,Pharmacist,10:00,18:00
