drug_id,on_hand_qty,reorder_point,supplier,last_restock_date
1,3366,693,Teva,2023-03-21
2,141,254,McMahon,2024-06-28
3,2384,791,McKesson,2023-01-29
4,3366,262,Teva,2023-09-22
5,3966,773,Apotex,2023-06-05
6,3289,380,Teva,2023-06-08
7,4215,347,Apotex,2024-12-18
8,1557,472,McKesson,2023-07-05
9,130,329,K&F,2024-04-11
10,3041,463,K&F,2024-12-07
11,434,470,McKesson,2024-02-25
12,266,543,Apotex,2023-03-30
13,2503,638,McMahon,2023-05-09
14,2359,377,McKesson,2024-07-24
15,2598,733,McMahon,2023-01-14
16,1038,220,Teva,2023-04-05
17,1727,390,Teva,2024-11-27
18,4206,573,McKesson,2023-10-06
19,2498,528,McMahon,2023-12-15
20,3739,276,McMahon,2023-08-18
21,2887,147,McMahon,2023-11-04
22,2179,482,McMahon,2024-12-16
23,184,581,K&F,2024-02-04
24,314,350,K&F,2023-11-09
25,215,224,K&F,2023-04-08
26,3126,312,McMahon,2024-12-11
27,562,724,McMahon,2024-07-27
28,1865,673,Apotex,2023-01-08
29,1523,566,K&F,2024-11-24
30,133,776,Apotex,2024-12-19
31,3490,525,McKesson,2024-01-14
32,4416,470,Apotex,2024-05-01
33,466,124,McKesson,2023-03-07
34,2029,690,McMahon,2024-04-26
35,2241,471,McKesson,2024-09-29
36,4984,354,K&F,2023-02-21
37,975,313,K&F,2023-11-13
38,2915,210,McMahon,2023-04-23
39,1157,667,Teva,2024-12-21
40,3027,567,K&F,2023-05-13
41,3333,458,McMahon,2023-07-20
42,1430,719,K&F,2024-06-18
43,2988,595,Teva,2024-09-10
44,4942,674,McMahon,2024-08-02
45,2886,372,McKesson,2023-06-19
46,1341,233,McKesson,2024-10-10
47,1465,647,Teva,2023-02-19
48,4340,466,McKesson,2023-11-23
49,369,114,K&F,2023-06-28
50,1062,602,Apotex,2023-05-26
51,822,435,McMahon,2024-12-18
52,3925,689,McKesson,2023-12-10
53,14,267,McMahon,2024-01-24
54,2984,506,Teva,2023-04-13
55,2262,462,McKesson,2024-11-09
56,3938,301,Apotex,2023-04-28
57,1206,486,K&F,2023-08-10
58,2795,253,Apotex,2023-03-27
59,4101,175,McKesson,2023-12-25
60,4391,219,McMahon,2023-04-07
61,369,122,Apotex,2023-03-06
62,2680,622,Apotex,2023-01-21
63,860,597,K&F,2023-09-05
64,3722,656,Teva,2024-07-31
65,2888,273,Apotex,2024-08-23
66,1802,169,Apotex,2024-08-21
67,3035,516,McMahon,2024-09-14
68,2044,117,McKesson,2023-01-17
69,638,304,Teva,2024-10-17
70,2646,590,McKesson,2023-09-13
71,4356,383,McMahon,2024-05-14
72,382,261,Teva,2023-06-05
73,589,139,McMahon,2024-08-11
74,2519,365,Teva,2024-08-12
75,329,387,McMahon,2024-03-30
76,4285,300,Teva,2024-12-05
77,1541,621,McMahon,2024-09-15
78,1808,112,K&F,2024-03-15
79,1649,115,Teva,2023-10-11
80,1894,469,Apotex,2023-12-12
81,3296,633,Apotex,2024-07-10
82,3619,542,Teva,2023-01-16
83,3600,561,Apotex,2024-06-08
84,4583,304,Teva,2023-07-29
85,543,128,McMahon,2024-06-22
86,1020,716,Apotex,2023-11-25
87,4041,230,McKesson,2023-12-30
88,2428,483,McKesson,2024-11-26
89,217,649,McMahon,2024-08-31
90,1090,553,McMahon,2023-05-28
91,4288,266,Teva,2024-09-21
92,1778,536,Teva,2023-11-03
93,2149,650,Teva,2024-01-17
94,3182,188,McKesson,2024-11-01
95,4772,700,Apotex,2023-08-15
96,67,500,Teva,2024-10-31
97,4659,597,K&F,2024-06-01
98,4977,437,McMahon,2024-03-24
99,3986,241,Teva,2024-09-07
100,4241,370,McMahon,2023-11-17
101,227,440,McKesson,2024-01-26
102,3631,608,McKesson,2023-06-01
103,1401,137,McKesson,2024-03-02
104,1325,691,McKesson,2023-10-13
105,876,757,Apotex,2024-12-01
106,4835,531,McKesson,2024-06-12
107,2647,168,McMahon,2023-08-07
108,600,407,K&F,2023-03-29
109,2446,629,Apotex,2023-03-14
110,2707,413,McMahon,2024-09-18
111,1666,264,McKesson,2024-09-24
112,642,135,Apotex,2024-11-27
113,3838,135,Teva,2023-01-08
114,816,325,McKesson,2024-12-09
115,265,777,K&F,2024-12-17
116,3701,594,Teva,2023-11-07
117,1150,615,McKesson,2024-07-27
118,3327,187,K&F,2023-05-04
119,4092,410,Teva,2024-10-14
120,3496,327,Teva,2023-01-03
121,4105,536,Teva,2024-03-25
122,3581,753,K&F,2023-03-20
123,4706,417,Apotex,2024-03-27
124,3397,658,McMahon,2024-08-19
125,1594,127,McKesson,2024-01-25
126,4408,653,K&F,2023-01-15
127,506,532,McMahon,2024-06-12
128,4309,617,Teva,2024-12-23
129,700,647,McMahon,2024-07-04
130,2443,634,McKesson,2023-02-13
131,656,439,K&F,2024-02-16
132,1762,699,McKesson,2023-04-16
133,4531,767,Teva,2023-01-02
134,1482,701,Apotex,2023-09-09
135,2579,315,McMahon,2023-05-29
136,4514,268,Teva,2023-08-28
137,702,453,McKesson,2023-01-03
138,3836,739,Apotex,2023-08-21
139,2662,710,Teva,2024-02-21
140,2997,172,K&F,2023-09-15
141,4536,629,K&F,2023-11-14
142,2123,406,K&F,2023-11-07
143,822,239,McMahon,2024-03-09
144,3072,176,Apotex,2023-08-12
145,2218,784,McMahon,2024-10-31
146,85,380,K&F,2023-10-07
147,3939,781,Apotex,2023-08-17
148,4048,653,K&F,2023-02-01
149,1,158,K&F,2024-08-15
150,3591,161,McKesson,2023-11-07
151,1133,790,K&F,2024-09-09
152,2886,519,Apotex,2023-07-19
153,2791,520,McMahon,2023-04-14
154,1136,529,Apotex,2024-10-02
155,1102,351,Apotex,2024-07-01
156,3315,500,McMahon,2024-05-14
157,3610,606,McKesson,2023-04-22
158,3246,689,McKesson,2023-10-16
159,1131,721,McMahon,2023-06-06
160,920,569,McMahon,2023-05-13
161,2872,746,Apotex,2023-11-04
162,1833,479,Apotex,2023-06-06
163,581,648,McKesson,2024-11-24
164,1172,305,Teva,2023-06-18
165,106,637,McKesson,2024-11-06
166,556,275,Teva,2024-06-01
167,3105,422,Apotex,2024-07-11
168,3047,554,Teva,2024-03-15
169,1550,293,Apotex,2023-05-29
170,1337,204,McKesson,2023-04-16
171,4676,362,Teva,2024-04-28
172,4718,706,McMahon,2023-07-16
173,318,398,Teva,2023-11-06
174,2080,553,Teva,2024-10-04
175,2182,642,Apotex,2023-05-26
176,2920,480,Apotex,2024-06-29
177,4179,477,McMahon,2024-05-08
178,246,723,McKesson,2024-01-05
179,3848,419,McKesson,2023-05-31
180,961,221,McKesson,2023-12-05
181,4936,272,Teva,2024-02-09
182,3086,517,Apotex,2023-12-01
183,4891,165,Teva,2023-03-24
184,691,232,Apotex,2023-09-01
185,3465,585,McMahon,2024-01-24
186,1115,433,McKesson,2024-01-20
187,2492,166,K&F,2024-11-13
188,2987,178,K&F,2023-02-18
189,971,201,McMahon,2024-08-08
190,2267,517,Apotex,2023-04-12
191,2200,396,K&F,2023-10-12
192,4969,588,McKesson,2024-12-04
193,3503,483,Teva,2024-03-05
194,3651,556,Teva,2024-08-15
195,2029,231,McMahon,2024-01-25
196,3912,563,Teva,2023-05-11
197,1968,679,K&F,2024-08-09
198,1786,427,Apotex,2024-03-08
199,3419,400,Apotex,2023-12-19
200,3006,568,Teva,2023-01-24
201,2675,138,Teva,2024-08-14
202,4321,301,Teva,2024-08-19
203,4022,475,Apotex,2023-11-18
204,3383,736,Teva,2023-07-30
205,2009,515,McMahon,2024-09-29
206,2841,127,K&F,2023-07-22
207,1192,496,Apotex,2023-09-01
208,3107,560,McMahon,2023-02-11
209,605,765,McKesson,2024-06-13
210,1829,228,Apotex,2024-10-24
211,1760,129,McKesson,2023-09-26
212,1349,502,Teva,2024-12-12
213,3044,714,Apotex,2024-04-28
214,2843,569,McMahon,2023-10-03
215,4997,140,McKesson,2024-10-23
216,3263,351,K&F,2024-01-03
217,8,697,McKesson,2024-11-13
218,3380,220,McMahon,2023-06-01
219,3016,694,K&F,2023-04-01
220,1556,380,K&F,2024-07-29
221,1791,367,Apotex,2024-10-14
222,952,649,McMahon,2023-05-19
223,3439,157,Apotex,2023-11-24
224,1255,539,Apotex,2024-01-04
225,62,373,K&F,2024-01-30
226,1687,312,Teva,2023-03-05
227,3922,376,Apotex,2023-03-23
228,2832,125,McKesson,2023-06-16
229,2190,636,K&F,2024-03-19
230,2495,180,McMahon,2023-01-03
231,2094,114,McKesson,2024-01-24
232,4818,310,McKesson,2024-09-11
233,4319,557,K&F,2024-04-19
234,4460,677,McKesson,2023-08-13
235,698,164,Teva,2023-12-19
236,1707,394,McKesson,2024-11-23
237,4111,131,McKesson,2024-04-01
238,3144,114,K&F,2024-12-12
239,984,139,McMahon,2024-02-24
240,527,687,K&F,2024-05-20
241,1976,342,McKesson,2024-03-12
242,4544,369,Teva,2023-10-11
243,673,114,Apotex,2024-10-10
244,2218,254,K&F,2024-08-01
245,1329,486,Teva,2023-12-10
246,1395,735,Apotex,2023-09-11
247,105,580,K&F,2024-11-08
248,3074,183,Apotex,2023-01-23
249,4853,785,K&F,2023-11-13
250,3216,163,McKesson,2023-04-23
251,1132,355,K&F,2024-03-29
252,1523,406,McKesson,2024-04-01
253,857,167,K&F,2023-07-07
254,4137,645,K&F,2023-09-05
255,3332,116,McMahon,2023-02-19
256,1710,751,McMahon,2023-02-18
257,3268,500,McMahon,2023-03-26
258,3268,415,McMahon,2024-03-27
259,2769,552,McMahon,2023-09-11
260,3885,328,McMahon,2024-12-08
261,4842,306,McKesson,2024-05-04
262,1639,171,McKesson,2023-02-12
263,2975,203,K&F,2023-04-27
264,3322,342,K&F,2024-08-13
265,2835,405,McKesson,2024-01-25
266,4814,508,McKesson,2023-07-18
267,3461,491,K&F,2023-07-17
268,1091,698,Apotex,2024-05-27
269,1944,233,Apotex,2023-01-28
270,4327,596,McKesson,2024-02-25
271,166,577,K&F,2023-07-14
272,128,542,Teva,2024-01-03
273,1750,259,McMahon,2024-09-06
274,1086,149,McKesson,2023-07-27
275,2735,788,K&F,2023-10-16
276,2024,766,McMahon,2024-11-30
277,3485,742,K&F,2023-02-16
278,3405,561,Teva,2024-05-27
279,2017,305,K&F,2023-03-27
280,4209,349,McMahon,2024-08-19
281,1747,221,McMahon,2024-07-09
282,620,226,Teva,2023-11-15
283,1576,286,Apotex,2023-08-12
284,940,553,Apotex,2023-07-28
285,179,492,K&F,2024-03-01
286,2020,558,K&F,2023-11-10
287,1546,454,McKesson,2023-11-23
288,4270,777,K&F,2023-03-20
289,273,635,K&F,2023-06-28
290,4604,415,Apotex,2024-04-01
291,1985,668,McMahon,2024-12-17
292,1697,552,McMahon,2024-03-11
293,903,393,Teva,2024-04-24
294,907,480,K&F,2024-04-30
295,1698,564,K&F,2023-05-24
296,4613,245,Apotex,2023-03-12
297,794,496,Apotex,2023-11-12
298,1764,648,McMahon,2023-11-13
299,2913,744,McKesson,2023-11-06
300,4508,212,McMahon,2023-12-01
301,4644,358,McMahon,2024-08-23
302,4769,698,Apotex,2024-09-17
303,2449,626,K&F,2024-07-01
304,4983,297,Apotex,2024-11-09
305,2121,663,McKesson,2023-04-01
306,997,122,McKesson,2023-03-18
307,295,368,McKesson,2023-02-28
308,3326,346,Apotex,2023-09-01
309,2053,632,McKesson,2024-04-23
310,3735,313,K&F,2024-11-04
311,897,312,K&F,2024-05-04
312,215,234,Teva,2024-07-16
313,3822,441,McKesson,2023-10-21
314,1668,636,Teva,2023-01-05
315,460,534,K&F,2023-06-03
316,1635,792,McKesson,2023-10-27
317,135,244,Teva,2023-08-01
318,231,493,K&F,2024-06-11
319,4991,195,McMahon,2023-10-06
320,4459,142,K&F,2023-11-09
321,4154,441,Apotex,2023-11-16
322,2237,390,Teva,2023-04-28
323,4006,520,McMahon,2023-07-04
324,1406,711,Apotex,2023-10-21
325,1821,368,K&F,2023-03-14
326,1143,635,McMahon,2024-10-21
327,4959,614,McKesson,2023-08-29
328,3924,608,K&F,2024-11-21
329,4152,291,McKesson,2023-07-05
330,2967,289,McKesson,2023-01-06
331,4008,789,K&F,2023-02-27
332,744,308,Apotex,2024-09-06
333,703,616,K&F,2024-11-28
334,582,581,Apotex,2024-04-22
335,3836,318,Teva,2023-09-14
336,816,725,McMahon,2023-07-21
337,3275,262,K&F,2023-08-02
338,3893,712,Teva,2024-07-11
339,2328,774,McKesson,2023-12-16
340,4732,190,McKesson,2024-02-02
341,282,279,K&F,2024-01-17
342,2443,712,McKesson,2024-10-24
343,1688,411,Teva,2023-09-12
344,1513,213,McMahon,2023-04-13
345,3650,795,McMahon,2024-11-14
346,676,641,K&F,2023-08-28
347,3900,163,K&F,2024-11-21
348,959,490,McKesson,2024-12-04
349,2616,672,Apotex,2023-05-03
350,3321,493,K&F,2024-06-29
351,4398,521,Apotex,2024-08-24
352,3746,344,Apotex,2024-11-07
353,375,562,McKesson,2023-10-05
354,3121,105,Teva,2024-10-17
355,1955,118,McKesson,2023-04-07
356,154,605,K&F,2024-04-07
357,2800,669,McMahon,2024-05-05
358,2401,458,K&F,2023-11-05
359,4726,200,McMahon,2024-04-16
360,871,508,K&F,2023-06-02
361,1020,580,McMahon,2024-10-18
362,1401,216,Apotex,2023-08-26
363,1897,528,K&F,2023-01-28
364,3090,173,Apotex,2024-04-14
365,2231,411,McMahon,2024-08-21
366,4481,670,Apotex,2023-12-17
367,1537,148,Apotex,2024-10-31
368,3007,255,Apotex,2023-11-29
369,4553,605,McMahon,2024-05-16
370,585,167,Teva,2024-06-01
371,3449,486,McKesson,2024-04-08
372,3358,776,McKesson,2024-08-04
373,3478,486,Teva,2023-03-09
374,1702,688,Teva,2023-07-21
375,3917,441,K&F,2023-07-09
376,1909,294,McKesson,2023-02-01
377,2769,757,McKesson,2024-12-16
378,1151,263,McMahon,2024-05-18
379,1910,738,McMahon,2023-02-05
380,901,785,McKesson,2024-10-12
381,3626,569,McKesson,2023-04-21
382,349,578,K&F,2024-09-16
383,4974,520,Apotex,2023-08-04
384,2500,714,Apotex,2024-09-15
385,121,144,McMahon,2023-08-18
386,3368,275,Teva,2023-09-14
387,3733,490,McKesson,2023-09-03
388,349,111,McKesson,2023-10-07
389,2693,598,McMahon,2024-02-14
390,4574,128,McKesson,2024-07-19
391,916,697,Apotex,2024-10-14
392,4052,715,Apotex,2024-05-27
393,640,386,Teva,2023-08-26
394,4457,161,McKesson,2023-05-17
395,2805,647,K&F,2024-04-20
396,1889,716,Apotex,2023-03-07
397,2965,734,McMahon,2024-03-30
398,4029,627,K&F,2024-04-15
399,2112,394,Teva,2024-03-05
400,1569,474,K&F,2023-07-25
401,4119,198,McKesson,2024-05-10
402,212,123,McKesson,2024-08-25
403,848,756,McMahon,2023-07-17
404,2763,706,McKesson,2023-12-04
405,3445,741,K&F,2024-01-10
406,3650,746,K&F,2024-05-15
407,4560,482,Teva,2023-11-10
408,1666,604,Apotex,2024-05-11
409,2127,297,McMahon,2023-09-20
410,3864,785,McMahon,2023-08-03
411,1418,620,Apotex,2023-08-25
412,4990,358,McKesson,2023-02-10
413,4470,450,K&F,2024-02-01
414,3188,382,McKesson,2024-08-23
415,4948,605,Apotex,2023-02-16
416,4033,599,Apotex,2024-10-25
417,760,599,Teva,2023-06-24
418,1841,354,Teva,2023-03-06
419,2136,256,McMahon,2023-04-07
420,4617,749,K&F,2023-12-15
421,2967,330,McMahon,2024-07-16
422,3030,142,McMahon,2024-02-21
423,1965,662,K&F,2024-04-25
424,2506,310,McKesson,2023-09-26
425,920,673,K&F,2023-08-26
426,529,244,Apotex,2024-04-02
427,1481,746,McKesson,2023-01-30
428,2559,576,K&F,2023-07-08
429,622,309,McKesson,2024-08-09
430,2773,604,Apotex,2024-08-25
431,168,433,McMahon,2024-08-01
432,3063,698,McMahon,2024-07-04
433,2679,615,McKesson,2023-06-23
434,961,557,Teva,2023-08-09
435,2630,197,Teva,2024-04-04
436,4748,716,McMahon,2024-08-01
437,1977,191,McKesson,2024-09-09
438,3604,389,Apotex,2023-12-19
439,1273,782,Apotex,2023-08-04
440,2827,669,Teva,2024-04-27
441,1001,165,Apotex,2023-12-03
442,4772,405,McMahon,2023-08-27
443,2317,730,K&F,2024-12-27
444,900,276,K&F,2024-01-11
445,3814,381,McKesson,2023-04-14
446,317,375,Apotex,2023-06-12
447,3146,717,McKesson,2023-01-08
448,3877,574,Teva,2024-04-21
449,1912,578,Apotex,2023-10-17
450,1472,301,K&F,2024-05-13
451,822,548,McMahon,2024-07-09
452,3367,382,Teva,2024-08-08
453,4540,180,McKesson,2023-09-12
454,887,464,K&F,2024-03-05
455,1209,102,Teva,2023-09-01
456,963,660,K&F,2023-03-04
457,4006,118,McKesson,2024-02-04
458,1276,489,Teva,2023-02-17
459,940,631,K&F,2024-03-10
460,552,318,Apotex,2023-05-24
461,4623,184,McKesson,2024-01-24
462,3553,408,Teva,2024-06-15
463,3487,738,Apotex,2024-04-26
464,3646,519,McMahon,2024-01-06
465,4707,297,Teva,2024-03-12
466,537,772,Teva,2023-04-04
467,4150,331,McKesson,2023-08-17
468,1785,381,Teva,2023-02-21
469,1207,346,McMahon,2024-03-26
470,2642,261,Apotex,2024-03-09
471,3136,336,McKesson,2023-03-30
472,4598,547,Apotex,2023-12-19
473,2640,626,McMahon,2023-08-21
474,1830,688,K&F,2024-09-15
475,4794,153,Teva,2024-03-30
476,3000,487,K&F,2023-05-07
477,2933,136,Teva,2024-11-23
478,2829,254,Teva,2023-07-27
479,4085,174,K&F,2024-04-07
480,3346,672,Apotex,2023-07-29
481,121,433,K&F,2024-12-21
482,1149,594,Apotex,2023-10-30
483,4495,312,McKesson,2024-04-17
484,1878,196,McMahon,2024-12-17
485,870,712,McKesson,2023-02-15
486,850,528,Apotex,2023-10-12
487,2900,396,K&F,2024-01-13
488,4854,697,K&F,2024-07-12
489,2908,436,McMahon,2023-12-02
490,3724,209,McKesson,2024-05-30
491,3404,770,Teva,2024-12-14
492,3849,103,K&F,2023-03-18
493,2770,450,K&F,2023-03-07
494,972,389,McMahon,2024-06-28
495,2385,297,Apotex,2023-06-21
496,1007,615,Apotex,2023-05-04
497,162,626,K&F,2023-01-21
498,1126,707,K&F,2024-01-04
499,3632,475,Apotex,2023-02-19
500,4646,509,McMahon,2023-07-02
501,3333,540,McKesson,2023-07-06
502,2205,314,Teva,2023-08-18
503,3038,621,McMahon,2024-07-10
504,572,430,K&F,2023-08-02
505,4697,150,K&F,2024-08-09
506,1436,250,K&F,2023-05-19
507,4175,447,K&F,2023-07-25
508,1464,497,K&F,2024-03-09
509,3365,730,K&F,2023-01-22
510,2599,553,Teva,2023-12-04
511,341,723,McKesson,2024-05-02
512,2699,658,K&F,2024-07-25
513,1305,353,Teva,2023-04-06
514,4939,308,McKesson,2024-05-25
515,157,375,McMahon,2023-04-13
516,306,420,Teva,2023-06-06
517,189,557,McKesson,2023-02-23
518,4253,662,Apotex,2024-04-26
519,1600,505,McMahon,2023-12-14
520,1625,519,Teva,2024-04-03
521,1117,514,Apotex,2024-07-05
522,4569,420,McMahon,2023-05-08
523,3547,488,K&F,2024-06-10
524,2573,555,Apotex,2023-02-02
525,3193,530,Teva,2023-12-22
526,4026,446,K&F,2024-12-06
527,3307,639,K&F,2024-06-22
528,3053,337,Apotex,2024-06-20
529,4499,616,Teva,2023-10-24
530,3916,594,Apotex,2024-07-27
531,3142,311,Teva,2023-07-21
532,4240,351,Teva,2023-06-12
533,4538,304,Teva,2024-07-01
534,4097,379,Apotex,2023-01-24
535,1813,203,Teva,2023-04-17
536,3677,505,McKesson,2024-04-07
537,3497,584,Apotex,2024-12-26
538,3010,597,K&F,2023-03-05
539,4663,709,McKesson,2023-11-28
540,1169,489,McKesson,2024-09-12
541,3073,232,K&F,2024-06-10
542,2514,401,McKesson,2023-09-15
543,4854,434,McMahon,2024-05-24
544,1349,114,Apotex,2024-05-02
545,4986,771,McMahon,2023-05-03
546,2876,459,Apotex,2023-10-15
547,3203,664,Apotex,2024-08-04
548,554,526,McKesson,2023-05-18
549,116,574,K&F,2023-03-20
550,3187,356,Teva,2024-09-10
551,2511,645,McMahon,2024-11-10
552,4495,470,McKesson,2024-09-12
553,51,373,Apotex,2024-05-06
554,1991,641,McKesson,2024-06-22
555,4082,398,McMahon,2023-01-04
556,2635,521,K&F,2024-05-21
557,4034,489,Teva,2024-09-20
558,3783,122,McKesson,2024-07-09
559,2370,238,Apotex,2023-05-31
560,2922,655,Apotex,2024-06-06
561,1324,401,Teva,2023-10-17
562,2241,460,McKesson,2023-06-24
563,1001,257,Teva,2023-05-14
564,207,356,McMahon,2024-04-25
565,3923,665,Teva,2023-07-27
566,4917,369,Apotex,2024-06-10
567,4654,418,Apotex,2024-09-08
568,2894,447,McKesson,2023-07-10
569,10,679,K&F,2024-12-07
570,296,742,Apotex,2023-08-10
571,3183,421,K&F,2023-02-25
572,3491,690,McMahon,2024-09-25
573,4359,299,Teva,2023-11-16
574,1869,565,Apotex,2023-01-22
575,3612,152,K&F,2024-03-23
576,3793,535,K&F,2023-09-22
577,1853,114,K&F,2023-01-24
578,3392,223,K&F,2023-03-25
579,4621,286,McKesson,2024-10-06
580,4789,189,Teva,2023-03-08
581,1719,394,Teva,2024-06-12
582,1725,765,McKesson,2023-12-08
583,2080,305,McKesson,2023-06-13
584,279,139,K&F,2024-11-12
585,2774,444,Teva,2024-03-11
586,2143,689,McKesson,2024-02-17
587,4403,397,Teva,2024-07-14
588,2279,639,McKesson,2023-05-12
589,2631,130,Teva,2023-09-08
590,4798,395,Apotex,2023-10-04
591,2066,574,Apotex,2024-12-14
592,2286,562,Teva,2023-06-11
593,775,499,McMahon,2024-11-16
594,1286,234,McKesson,2023-06-16
595,1030,690,McKesson,2024-06-05
596,2976,632,McMahon,2024-03-02
597,2186,644,McMahon,2023-12-17
598,1516,174,Apotex,2023-05-21
599,3097,392,McMahon,2024-02-26
600,3755,299,McKesson,2023-04-24
601,2520,153,Teva,2024-01-07
602,2139,317,McKesson,2023-10-13
603,2366,130,Apotex,2024-04-13
604,1906,788,K&F,2024-07-30
605,2113,150,Teva,2023-08-05
606,4213,541,Apotex,2023-08-24
607,4815,785,McMahon,2024-03-23
608,4613,715,Apotex,2023-12-03
609,2047,276,Teva,2023-02-24
610,4524,188,McMahon,2024-02-20
611,3042,523,Apotex,2023-08-18
612,1824,108,McMahon,2023-08-30
613,3940,791,Teva,2024-02-01
614,2541,344,McKesson,2023-08-09
615,1572,109,Teva,2023-05-20
616,2594,532,K&F,2024-08-27
617,575,399,McKesson,2024-11-29
618,2622,649,McMahon,2024-02-03
619,2256,371,McMahon,2024-01-18
620,3341,660,McMahon,2024-09-19
621,4874,556,Apotex,2024-04-05
622,4094,610,Apotex,2024-08-16
623,2768,103,K&F,2024-12-10
624,3977,737,Teva,2024-03-10
625,2273,163,K&F,2024-05-20
626,2260,402,Teva,2024-10-15
627,2900,351,Apotex,2023-03-18
628,4234,161,Teva,2024-08-19
629,715,469,McMahon,2023-02-18
630,4703,488,Apotex,2024-01-04
631,725,609,K&F,2024-02-16
632,2237,186,Apotex,2023-04-14
633,3890,386,Apotex,2023-04-28
634,366,396,McMahon,2024-04-12
635,4330,429,Teva,2023-07-15
636,1743,321,McKesson,2023-11-13
637,3078,673,McKesson,2023-08-30
638,562,590,McMahon,2023-08-13
639,586,222,McKesson,2024-09-27
640,1285,435,K&F,2024-12-03
641,1616,602,K&F,2024-05-25
642,3709,378,K&F,2024-05-12
643,1211,506,McMahon,2023-08-29
644,4423,159,Apotex,2023-10-21
645,4090,764,K&F,2023-03-18
646,3706,558,McKesson,2023-02-12
647,3438,750,Teva,2023-08-18
648,2428,536,McMahon,2023-02-07
649,4979,138,Teva,2024-04-04
650,1421,483,McKesson,2023-06-05
651,294,741,McKesson,2024-05-19
652,2756,557,K&F,2024-02-06
653,4830,536,K&F,2023-10-24
654,4632,346,Teva,2024-10-21
655,3873,796,K&F,2024-05-06
656,726,535,Apotex,2023-06-29
657,3429,339,McMahon,2024-04-17
658,601,440,McKesson,2023-12-25
659,246,385,McKesson,2023-03-20
660,2423,641,Apotex,2023-09-27
661,3928,299,K&F,2024-11-17
662,3830,658,McKesson,2023-08-21
663,912,455,Teva,2024-02-24
664,2324,506,Apotex,2023-09-05
665,2355,143,Teva,2023-08-01
666,3958,380,K&F,2023-12-04
667,4283,579,McMahon,2023-08-15
668,3919,108,K&F,2023-10-17
669,769,713,K&F,2023-05-21
670,897,127,Apotex,2024-09-25
671,3182,446,McMahon,2024-07-27
672,4772,216,K&F,2024-07-27
673,5,385,McKesson,2023-05-15
674,625,317,McKesson,2024-07-17
675,4207,618,McKesson,2024-01-23
676,912,676,McKesson,2024-02-09
677,1927,365,McMahon,2023-04-14
678,3284,282,McKesson,2023-03-29
679,2318,559,K&F,2023-06-13
680,4245,437,Teva,2024-09-05
681,87,538,Apotex,2023-09-20
682,498,374,Teva,2023-04-08
683,3009,623,McKesson,2023-12-20
684,4012,329,K&F,2023-06-08
685,3152,525,McKesson,2024-11-02
686,4729,723,Apotex,2024-04-19
687,2753,100,Apotex,2024-10-16
688,2431,470,K&F,2023-02-27
689,4203,123,McKesson,2023-06-28
690,1119,604,Apotex,2024-08-29
691,2010,706,McMahon,2024-02-20
692,2644,458,McMahon,2023-12-30
693,1574,692,K&F,2024-05-17
694,4246,763,Teva,2024-12-15
695,507,662,K&F,2023-09-05
696,3073,454,Apotex,2023-01-25
697,2989,703,Apotex,2023-11-24
698,1434,632,McKesson,2024-08-17
699,4230,506,McMahon,2023-10-13
700,331,387,McMahon,2023-03-29
701,1880,247,K&F,2023-06-18
702,2087,172,K&F,2024-09-09
703,1479,756,McKesson,2023-05-05
704,4041,458,McMahon,2023-07-11
705,4246,164,Apotex,2024-05-25
706,3626,416,Apotex,2023-10-21
707,2838,313,Teva,2024-01-23
708,3476,151,McMahon,2024-05-06
709,2481,265,McMahon,2023-01-05
710,4220,179,Apotex,2024-11-21
711,988,564,McKesson,2024-09-26
712,4902,499,Apotex,2023-06-30
713,490,341,K&F,2023-11-16
714,4581,357,Apotex,2024-07-17
715,1859,164,McKesson,2023-03-21
716,60,117,McMahon,2024-10-13
717,592,135,Teva,2023-02-12
718,4698,537,Apotex,2023-08-12
719,2911,690,McMahon,2023-05-06
720,979,735,McMahon,2024-12-04
721,4202,204,Teva,2024-05-13
722,1497,204,McKesson,2023-10-28
723,1092,504,Teva,2023-09-20
724,2918,601,Apotex,2024-09-24
725,3695,515,K&F,2024-10-30
726,1565,273,K&F,2023-06-17
727,2377,484,McKesson,2024-02-08
728,24,735,Teva,2024-06-20
729,3283,607,Apotex,2024-07-31
730,1749,337,Apotex,2023-09-22
731,3238,517,McMahon,2024-12-12
732,2357,631,McMahon,2023-03-03
733,3880,160,Teva,2024-09-07
734,818,180,K&F,2023-05-25
735,4373,655,McMahon,2023-07-17
736,1892,697,McMahon,2024-04-27
737,3011,780,Apotex,2024-12-05
738,4646,526,McMahon,2024-06-19
739,2983,390,McMahon,2023-08-14
740,4788,432,Teva,2023-04-03
741,1357,254,McMahon,2024-09-17
742,3963,163,K&F,2024-07-04
743,2463,267,Apotex,2023-05-05
744,540,120,McKesson,2023-01-05
745,2954,170,Apotex,2023-07-24
746,4286,535,Teva,2024-08-24
747,1008,575,Apotex,2023-03-15
748,76,737,McKesson,2024-02-12
749,2166,465,McMahon,2024-07-13
750,116,486,McMahon,2023-04-03
751,4119,323,K&F,2023-07-21
752,4086,193,K&F,2024-04-03
753,3166,645,McKesson,2024-08-23
754,1586,632,McMahon,2024-02-16
755,237,359,McKesson,2024-09-01
756,1873,109,Teva,2024-09-28
757,3234,454,K&F,2024-06-29
758,3628,778,Teva,2024-12-10
759,3987,168,McMahon,2023-02-26
760,2608,319,Teva,2023-07-14
761,253,277,Apotex,2023-04-24
762,4929,465,K&F,2023-03-13
763,357,379,Teva,2024-12-05
764,4813,280,McKesson,2024-01-28
765,245,478,McMahon,2024-07-01
766,4755,657,K&F,2024-11-12
767,1373,132,McKesson,2023-07-04
768,4846,548,K&F,2023-09-07
769,4241,663,Apotex,2024-06-27
770,715,166,K&F,2024-09-10
771,3999,432,K&F,2023-10-20
772,4799,697,McKesson,2023-10-03
773,1266,515,K&F,2024-11-25
774,3382,635,K&F,2024-04-06
775,4751,585,Teva,2023-10-08
776,396,449,K&F,2023-07-01
777,1000,534,Apotex,2024-02-27
778,2929,168,K&F,2024-06-12
779,1621,751,McMahon,2024-03-06
780,1239,649,K&F,2023-01-28
781,2300,559,Apotex,2023-04-09
782,971,371,McKesson,2024-03-19
783,2303,610,McMahon,2023-03-05
784,3414,777,K&F,2024-10-20
785,692,492,Teva,2023-06-18
786,2601,203,McMahon,2023-09-02
787,1874,346,Teva,2023-01-21
788,4586,124,McKesson,2023-09-19
789,450,508,McKesson,2024-01-21
790,2984,578,K&F,2023-03-02
791,3005,354,K&F,2024-10-06
792,2358,412,K&F,2024-06-02
793,1123,684,McKesson,2023-06-14
794,2012,515,McKesson,2024-08-02
795,1863,780,K&F,2024-04-07
796,4069,764,McMahon,2023-12-17
797,4430,464,Apotex,2023-06-12
798,3588,476,McKesson,2024-10-13
799,2794,396,McKesson,2024-04-09
800,4354,471,McMahon,2024-08-27
801,3358,391,McMahon,2023-09-25
802,3320,625,Teva,2024-07-21
803,2747,110,Teva,2023-03-12
804,668,725,McMahon,2023-05-12
805,2308,766,Apotex,2023-08-18
806,3153,568,Teva,2023-02-23
807,2647,307,McMahon,2023-02-22
808,2734,258,McMahon,2023-07-29
809,1594,218,Apotex,2024-03-25
810,2319,509,McMahon,2024-03-16
811,110,278,Teva,2023-01-01
812,899,759,Teva,2024-03-26
813,4003,435,K&F,2023-02-01
814,3759,542,McMahon,2023-11-02
815,817,391,Teva,2024-01-02
816,462,561,McKesson,2024-04-29
817,397,547,McMahon,2024-06-08
818,3631,629,McKesson,2024-12-13
819,4006,388,Teva,2023-09-09
820,2175,499,K&F,2024-12-25
821,4940,605,McKesson,2023-03-12
822,602,277,K&F,2023-03-27
823,4606,178,McKesson,2023-07-16
824,4664,116,K&F,2024-12-14
825,2674,152,McKesson,2024-03-28
826,743,649,Apotex,2024-07-26
827,4806,384,K&F,2024-10-17
828,3339,357,McMahon,2023-05-10
829,258,355,Apotex,2023-02-24
830,4685,183,K&F,2023-01-17
831,1891,545,McKesson,2024-05-24
832,3264,304,Apotex,2023-02-20
833,4410,362,Teva,2023-02-02
834,652,681,Teva,2024-11-28
835,4668,265,McKesson,2023-01-17
836,4421,397,Teva,2024-02-24
837,2066,311,McMahon,2023-06-02
838,564,592,McMahon,2023-03-08
839,2051,721,K&F,2024-07-20
840,3502,370,McMahon,2024-11-21
841,839,243,K&F,2023-05-12
842,1616,287,Teva,2024-05-25
843,4152,312,Teva,2023-08-10
844,2960,424,McMahon,2024-03-31
845,2829,781,McMahon,2023-07-28
846,1097,200,McMahon,2023-03-17
847,352,281,McMahon,2023-04-12
848,3385,242,McMahon,2023-07-11
849,3952,568,McKesson,2023-03-26
850,1771,233,McMahon,2023-12-18
851,1480,734,McKesson,2024-02-27
852,4259,337,K&F,2023-01-18
853,3501,137,McKesson,2023-07-19
854,416,158,Apotex,2023-02-11
855,4418,475,Apotex,2024-02-23
856,2115,578,Teva,2024-07-08
857,381,306,Apotex,2023-01-01
858,4661,158,K&F,2023-11-19
859,2197,388,Teva,2023-05-24
860,4396,568,McKesson,2024-04-23
861,3324,556,McMahon,2023-01-17
862,3753,367,McMahon,2024-09-29
863,3882,465,Apotex,2024-02-12
864,1297,605,Apotex,2023-01-25
865,3516,513,Apotex,2023-05-03
866,552,499,K&F,2023-06-16
867,1867,199,McKesson,2024-02-03
868,4272,562,Teva,2023-02-01
869,3242,350,Teva,2023-10-13
870,2593,491,K&F,2023-06-30
871,1214,749,K&F,2023-08-30
872,1015,664,Teva,2024-10-18
873,2514,169,McMahon,2024-08-25
874,2118,466,Teva,2024-07-21
875,3516,175,K&F,2024-10-29
876,1667,727,McKesson,2024-11-01
877,2246,380,Teva,2024-07-12
878,3562,418,McKesson,2024-04-26
879,2184,385,McKesson,2024-08-06
880,3996,138,McMahon,2024-02-18
881,4976,536,Teva,2023-05-22
882,4522,561,K&F,2023-02-27
883,2745,379,Apotex,2024-09-30
884,2999,763,McKesson,2023-08-29
885,1266,106,K&F,2024-09-01
886,4673,765,K&F,2024-11-16
887,1019,666,Apotex,2023-03-14
888,2304,110,McMahon,2024-03-11
889,3275,759,Teva,2023-04-10
890,3047,506,K&F,2024-08-10
891,3952,765,McKesson,2024-04-13
892,3413,424,K&F,2024-04-07
893,3706,752,McKesson,2023-05-17
894,4986,737,Teva,2024-01-07
895,4669,708,McKesson,2023-08-09
896,2721,669,McMahon,2024-09-02
897,1360,738,K&F,2023-07-04
898,3576,110,Teva,2024-06-21
899,1335,277,McKesson,2024-03-04
900,4884,735,Apotex,2023-09-19
901,3015,633,Apotex,2023-11-29
902,1123,184,Apotex,2024-09-18
903,1336,226,Apotex,2024-12-09
904,3261,783,Teva,2023-02-14
905,4571,480,McMahon,2023-05-20
906,2162,485,K&F,2024-07-15
907,1106,290,K&F,2023-08-02
908,143,718,Apotex,2023-12-31
909,4798,146,McMahon,2023-12-03
910,2260,544,Apotex,2023-02-21
911,4607,724,K&F,2023-11-04
912,4905,563,Teva,2024-05-21
913,3871,501,Apotex,2023-06-03
914,1874,779,McMahon,2024-12-21
915,1107,649,Apotex,2024-05-27
916,1786,294,McMahon,2024-05-29
917,1188,585,Apotex,2023-04-02
918,1949,327,K&F,2024-04-20
919,4852,205,K&F,2024-01-31
920,2173,192,K&F,2024-03-25
921,3387,490,Apotex,2024-07-09
922,1997,632,K&F,2024-01-03
923,4044,791,McMahon,2023-04-03
924,1447,403,K&F,2024-11-01
925,2004,542,McMahon,2023-03-11
926,908,272,McMahon,2024-02-29
927,4224,671,K&F,2024-05-16
928,2264,122,K&F,2024-01-08
929,3527,571,Apotex,2023-12-28
930,373,418,K&F,2024-10-05
931,284,683,McMahon,2023-09-08
932,1507,431,McMahon,2023-07-12
933,1262,308,K&F,2024-11-08
934,651,636,McMahon,2024-06-01
935,206,138,K&F,2024-10-10
936,768,542,K&F,2023-02-19
937,233,416,McMahon,2024-04-25
938,2999,504,McMahon,2024-04-04
939,2751,766,Apotex,2023-03-03
940,2157,551,Teva,2024-04-19
941,4340,416,McMahon,2023-09-09
942,1832,329,McMahon,2024-02-22
943,2572,248,K&F,2023-10-22
944,4834,260,McKesson,2023-08-17
945,2794,688,Teva,2023-12-27
946,2291,620,McKesson,2023-08-09
947,1679,685,McMahon,2024-04-16
948,765,650,K&F,2024-07-09
949,955,614,Apotex,2023-09-26
950,1878,564,K&F,2024-09-28
951,94,208,McKesson,2024-08-18
952,3777,324,McMahon,2023-10-14
953,2720,328,Apotex,2023-03-06
954,3267,593,McMahon,2024-06-19
955,1847,365,Apotex,2023-05-05
956,3431,317,Teva,2024-09-11
957,774,542,K&F,2023-07-29
958,1279,275,McKesson,2024-10-26
959,2743,755,McMahon,2024-05-31
960,3476,244,McKesson,2023-05-12
961,4551,588,McMahon,2023-05-10
962,687,504,Teva,2024-04-18
963,4169,711,McMahon,2023-02-13
964,3462,547,Teva,2023-05-08
965,1,374,Apotex,2024-06-21
966,1143,574,Teva,2023-01-21
967,1817,520,McKesson,2023-06-19
968,3139,187,McMahon,2023-09-17
969,1225,490,Apotex,2024-06-01
970,1535,263,McMahon,2023-09-01
971,3077,168,Apotex,2024-05-02
972,3456,758,McKesson,2024-04-04
973,2379,307,K&F,2023-11-05
974,1694,773,McMahon,2023-01-30
975,3611,559,McKesson,2024-01-28
976,2003,109,Teva,2023-07-16
977,1680,527,McMahon,2023-03-23
978,4244,259,Apotex,2024-07-31
979,21,204,McMahon,2023-06-26
980,1240,638,Apotex,2024-07-27
981,2209,590,Apotex,2024-04-13
982,1614,717,McMahon,2024-01-04
983,1886,451,McMahon,2024-03-25
984,400,756,Apotex,2024-06-26
985,120,372,McKesson,2024-06-11
986,2606,739,K&F,2023-07-01
987,3732,139,K&F,2023-05-14
988,502,419,K&F,2023-10-21
989,4330,748,McKesson,2024-08-10
990,2433,768,Apotex,2024-01-26
991,4696,648,K&F,2024-06-10
992,2139,580,Teva,2024-03-01
993,776,420,K&F,2024-08-20
994,2831,362,Apotex,2024-03-19
995,4554,498,Apotex,2023-10-28
996,697,338,McKesson,2024-02-10
997,4185,533,McMahon,2024-06-05
998,4885,192,K&F,2023-11-18
999,3222,273,McKesson,2023-12-19
1000,1723,494,McKesson,2023-07-16
1001,4980,774,Teva,2024-03-10
1002,3935,572,McKesson,2023-11-11
1003,2696,527,Teva,2024-08-19
1004,3054,128,Apotex,2023-08-11
1005,1978,379,Apotex,2023-02-06
1006,1608,789,McMahon,2023-06-11
1007,4282,646,Apotex,2023-02-23
1008,1584,361,Apotex,2024-08-22
1009,2816,693,McKesson,2024-01-27
1010,3005,268,McKesson,2023-03-05
1011,867,160,K&F,2023-09-29
1012,2001,540,K&F,2023-04-27
1013,2146,371,McMahon,2023-03-01
1014,1008,514,K&F,2023-11-29
1015,3633,355,McMahon,2023-01-02
1016,1655,287,Apotex,2024-03-28
1017,2733,245,McMahon,2023-03-18
1018,44,101,McMahon,2024-09-15
1019,3727,107,Apotex,2024-03-24
1020,1497,345,McMahon,2024-09-25
1021,3396,177,McKesson,2024-05-08
1022,191,774,K&F,2024-04-05
1023,3884,153,Teva,2024-08-16
1024,4377,346,K&F,2023-12-20
1025,3320,355,Apotex,2023-12-11
1026,2429,538,K&F,2023-10-10
1027,1483,641,Apotex,2023-01-25
1028,2453,553,McKesson,2023-04-07
1029,2804,517,K&F,2023-09-08
1030,3970,381,K&F,2024-07-15
1031,2833,664,McKesson,2024-08-17
1032,1499,563,McKesson,2023-11-03
1033,366,171,Teva,2024-12-26
1034,266,739,Apotex,2023-03-14
1035,2896,715,McKesson,2024-07-30
1036,1971,762,K&F,2024-03-17
1037,3948,261,McMahon,2024-10-23
1038,4498,199,Apotex,2023-02-07
1039,4843,650,McMahon,2024-02-13
1040,4918,484,Teva,2023-05-14
1041,4453,600,K&F,2023-06-04
1042,1413,658,K&F,2023-07-14
1043,2171,448,Teva,2023-12-16
1044,3262,128,K&F,2024-06-02
1045,2692,357,McMahon,2024-06-08
1046,3938,307,Apotex,2024-09-04
1047,4094,482,McKesson,2024-07-12
1048,3410,549,McMahon,2024-01-28
1049,2715,706,Teva,2024-06-27
1050,3708,161,McKesson,2024-11-25
1051,1438,416,Apotex,2023-04-02
1052,2422,334,McKesson,2024-05-27
1053,3748,273,K&F,2023-06-15
1054,3389,757,McKesson,2024-06-19
1055,2969,741,Apotex,2024-05-05
1056,2887,436,K&F,2023-03-14
1057,2225,715,McKesson,2023-03-21
1058,4972,737,Teva,2023-04-21
1059,4184,166,Teva,2023-01-06
1060,372,382,Teva,2024-12-13
1061,2799,458,McKesson,2024-09-18
1062,1891,779,McMahon,2024-08-12
1063,2307,772,McMahon,2024-11-19
1064,696,476,McMahon,2024-10-05
1065,2602,104,Teva,2024-02-11
1066,4594,264,McKesson,2024-02-13
1067,3302,401,Apotex,2023-06-15
1068,3825,526,Apotex,2024-07-25
1069,4842,361,Apotex,2024-09-27
1070,770,215,K&F,2023-06-17
1071,651,197,McKesson,2024-07-14
1072,4228,451,McMahon,2024-08-31
1073,4913,603,K&F,2024-12-01
1074,4184,652,Apotex,2024-09-16
1075,1725,501,Teva,2024-01-17
1076,629,671,K&F,2023-07-10
1077,1306,235,Apotex,2023-10-25
1078,2910,275,McKesson,2024-11-17
1079,2147,451,Apotex,2024-06-16
1080,1144,439,Apotex,2024-01-12
1081,2491,776,Apotex,2024-08-08
1082,1694,727,McKesson,2024-10-24
1083,3700,138,Teva,2023-01-14
1084,1212,159,McMahon,2024-07-18
1085,1163,401,Teva,2024-09-14
1086,853,603,Apotex,2024-11-09
1087,1573,442,McKesson,2023-12-14
1088,577,115,McKesson,2024-09-15
1089,2418,342,K&F,2023-03-14
1090,762,315,Teva,2024-04-18
1091,1146,180,K&F,2023-03-02
1092,4600,703,Teva,2023-04-01
1093,4178,356,Teva,2024-09-08
1094,4995,170,McKesson,2024-05-12
1095,169,226,McMahon,2023-12-24
1096,4292,648,McKesson,2023-09-09
1097,1005,380,Teva,2023-02-28
1098,807,560,Apotex,2024-06-24
1099,1720,297,Apotex,2024-06-10
1100,2382,484,McMahon,2023-04-04
1101,3459,211,Apotex,2024-08-17
1102,3841,557,McKesson,2024-07-11
1103,2148,117,McKesson,2023-06-17
1104,2632,592,K&F,2024-01-21
1105,143,581,McKesson,2023-12-27
1106,4354,549,McKesson,2023-12-20
1107,4708,177,Apotex,2024-06-07
1108,1699,460,Teva,2024-07-12
1109,2125,259,McKesson,2024-03-09
1110,2899,789,Apotex,2024-01-29
1111,757,199,McMahon,2024-09-18
1112,4444,724,McKesson,2023-07-22
1113,4855,324,K&F,2023-02-13
1114,4877,410,McMahon,2023-10-22
1115,190,273,McMahon,2023-07-04
1116,4666,721,McMahon,2023-01-19
1117,1018,580,Teva,2023-04-10
1118,2100,507,Apotex,2024-07-21
1119,2789,494,McKesson,2024-04-30
1120,1064,293,K&F,2024-12-19
1121,3107,235,McMahon,2024-02-01
1122,1109,624,Apotex,2023-09-18
1123,4507,182,McKesson,2024-11-01
1124,3252,152,McKesson,2024-02-20
1125,2460,315,McMahon,2024-12-03
1126,2186,264,Teva,2024-04-04
1127,1395,167,Teva,2023-04-12
1128,752,614,Teva,2023-07-12
1129,1248,566,Apotex,2023-05-22
1130,79,708,Teva,2023-05-24
1131,1620,547,K&F,2024-10-01
1132,3185,368,Teva,2023-10-14
1133,1866,500,Apotex,2024-01-25
1134,2675,657,McMahon,2023-11-21
1135,4909,646,Teva,2024-12-30
1136,4762,346,Teva,2024-05-23
1137,3297,435,McKesson,2023-06-26
1138,1473,107,McKesson,2024-06-22
1139,1735,786,K&F,2023-12-01
1140,2628,392,Teva,2024-08-28
1141,1838,169,McMahon,2024-12-26
1142,1269,403,Apotex,2024-03-27
1143,357,750,McMahon,2023-01-04
1144,2770,145,K&F,2023-12-15
1145,1394,667,Apotex,2024-05-07
1146,4643,566,K&F,2024-04-20
1147,2909,238,McMahon,2023-02-07
1148,783,102,Teva,2024-11-10
1149,3355,478,K&F,2024-02-21
1150,1923,620,K&F,2024-09-14
1151,4162,174,McMahon,2023-08-28
1152,1220,634,K&F,2024-06-17
1153,948,122,McKesson,2024-04-03
1154,3063,109,McKesson,2024-02-02
1155,1176,490,McMahon,2024-12-16
1156,1937,241,K&F,2024-06-17
1157,4443,460,Apotex,2023-04-23
1158,591,464,Apotex,2023-04-10
1159,4880,347,McKesson,2024-10-20
1160,3601,239,Teva,2023-05-08
1161,1713,645,Apotex,2023-09-16
1162,2983,663,Apotex,2023-03-22
1163,2938,528,K&F,2023-06-14
1164,1286,549,Teva,2023-01-12
1165,3565,492,Apotex,2024-11-26
1166,4815,737,Apotex,2023-05-05
1167,463,215,McMahon,2023-03-15
1168,403,785,McKesson,2023-05-06
1169,4723,323,Apotex,2024-06-23
1170,2469,652,McKesson,2023-03-08
1171,1578,559,K&F,2023-11-27
1172,2457,354,McKesson,2024-12-05
1173,179,384,K&F,2023-06-24
1174,2082,523,Teva,2023-05-24
1175,881,467,Teva,2023-01-27
1176,1865,585,McKesson,2023-03-15
1177,4257,653,K&F,2024-01-08
1178,2388,764,McMahon,2023-12-16
1179,444,599,McMahon,2023-07-04
1180,684,798,McMahon,2023-05-30
1181,4497,180,K&F,2024-01-14
1182,536,261,McKesson,2024-08-18
1183,3919,383,McMahon,2024-08-18
1184,1853,744,McMahon,2024-04-16
1185,1030,659,McMahon,2023-09-24
1186,3025,356,McKesson,2023-02-08
1187,3711,286,Teva,2024-05-16
1188,1561,580,Apotex,2023-01-10
1189,3576,539,Teva,2023-10-12
1190,1489,645,K&F,2024-02-03
1191,1545,268,Teva,2024-12-06
1192,3204,313,K&F,2024-02-13
1193,3711,539,K&F,2023-01-31
1194,3279,644,K&F,2023-11-23
1195,1292,375,K&F,2024-05-31
1196,4391,754,McMahon,2023-01-22
1197,1548,319,K&F,2023-01-26
1198,3070,364,K&F,2023-09-30
1199,331,724,K&F,2024-03-13
1200,4915,407,McKesson,2024-04-09
1201,1818,493,McMahon,2024-05-25
1202,1601,518,McKesson,2024-08-18
1203,47,771,K&F,2024-07-17
1204,335,477,McKesson,2023-10-17
1205,1785,455,Apotex,2023-04-13
1206,1225,451,Apotex,2024-07-25
1207,4118,518,McMahon,2023-09-11
1208,725,138,K&F,2024-11-02
1209,2598,298,K&F,2023-06-22
1210,3534,613,Apotex,2024-02-11
1211,1972,529,Teva,2023-12-07
1212,1823,602,McMahon,2024-10-31
1213,3095,134,Apotex,2024-01-09
1214,803,356,K&F,2023-07-02
1215,11,263,McMahon,2023-07-23
1216,1305,201,Teva,2023-11-02
1217,2836,208,Apotex,2024-01-01
1218,1794,201,K&F,2023-11-17
1219,3021,256,Apotex,2024-04-26
1220,1362,470,McKesson,2023-01-22
1221,3983,434,Apotex,2023-06-30
1222,2429,635,Teva,2023-12-26
1223,2518,174,K&F,2024-08-13
1224,2846,481,K&F,2024-02-19
1225,3604,551,K&F,2023-12-23
1226,4197,605,McMahon,2023-10-17
1227,1558,221,Teva,2024-12-05
1228,770,555,Apotex,2024-12-06
1229,3272,557,K&F,2023-07-04
1230,4524,162,Apotex,2024-12-17
1231,4786,739,McKesson,2023-09-16
1232,472,562,Teva,2023-05-01
1233,697,406,K&F,2023-04-28
1234,3916,196,Teva,2023-01-26
1235,3991,161,McKesson,2023-02-12
1236,4668,409,Apotex,2024-10-01
1237,979,685,K&F,2023-09-09
1238,4742,451,Teva,2024-03-28
1239,3159,734,K&F,2024-06-18
1240,137,361,McKesson,2024-11-21
1241,426,566,Apotex,2023-11-24
1242,3837,121,Teva,2023-02-02
1243,455,292,K&F,2023-09-10
1244,1553,510,K&F,2023-08-16
1245,699,440,K&F,2023-01-13
1246,1993,657,McKesson,2024-05-30
1247,1475,432,McKesson,2024-06-28
1248,3935,485,McMahon,2024-08-29
1249,3752,648,McMahon,2023-01-25
1250,1806,790,Apotex,2023-08-09
1251,2250,705,Apotex,2024-09-25
1252,2051,770,McMahon,2023-10-05
1253,4287,492,McMahon,2024-08-18
1254,570,558,Teva,2023-02-06
1255,458,251,Apotex,2024-06-22
1256,1732,523,McMahon,2023-10-24
1257,3556,651,K&F,2023-02-05
1258,398,685,McKesson,2024-06-07
1259,1725,580,Teva,2024-07-11
1260,2808,227,McKesson,2023-07-01
1261,467,119,Apotex,2023-08-18
1262,2602,384,K&F,2024-02-02
1263,4656,406,Teva,2023-07-17
1264,2176,351,McMahon,2024-12-18
1265,4335,692,K&F,2024-06-26
1266,484,192,Teva,2024-09-04
1267,1838,240,Teva,2023-06-29
1268,2605,227,McKesson,2023-03-24
1269,1555,208,K&F,2024-04-09
1270,1887,700,McMahon,2024-10-13
1271,4449,632,Apotex,2023-05-13
1272,283,370,McKesson,2023-03-11
1273,4227,120,Teva,2023-01-11
1274,1508,794,McMahon,2023-01-18
1275,1079,384,McMahon,2024-05-06
1276,1353,761,K&F,2023-06-16
1277,2003,554,K&F,2024-05-23
1278,2518,452,McKesson,2023-10-04
1279,3013,397,Apotex,2024-04-22
1280,3538,289,McMahon,2024-12-07
1281,4279,561,Apotex,2024-05-18
1282,292,743,McMahon,2024-10-29
1283,209,203,McKesson,2024-03-31
1284,1001,363,K&F,2024-07-23
1285,2017,157,McKesson,2023-03-30
1286,305,470,K&F,2024-08-13
1287,4334,287,Apotex,2024-08-15
1288,1109,259,McMahon,2023-08-08
1289,2527,663,McMahon,2023-03-19
1290,1191,327,K&F,2024-04-09
1291,913,273,McMahon,2024-03-02
1292,4521,534,K&F,2023-02-24
1293,2663,537,K&F,2024-11-02
1294,169,145,McKesson,2024-01-13
1295,1067,521,K&F,2024-05-31
1296,1928,151,Apotex,2024-03-28
1297,922,399,McKesson,2023-06-28
1298,2765,691,McMahon,2024-01-11
1299,4685,397,Apotex,2024-02-16
1300,4280,130,McKesson,2023-04-25
1301,3295,675,Teva,2024-11-29
1302,1698,782,McKesson,2023-03-09
1303,3950,499,Apotex,2023-04-11
1304,2560,467,Teva,2023-07-24
1305,4713,487,Teva,2024-03-17
1306,2487,385,McKesson,2024-07-12
1307,3769,714,K&F,2024-12-08
1308,4303,669,K&F,2024-04-25
1309,2596,197,McKesson,2023-06-22
1310,1049,288,Teva,2024-12-24
1311,4771,418,McKesson,2024-02-12
1312,1192,697,Teva,2024-07-21
1313,1927,733,Apotex,2023-04-03
1314,651,209,McKesson,2024-03-15
1315,1735,309,McKesson,2023-09-02
1316,90,363,Apotex,2024-02-02
1317,2989,555,McMahon,2023-12-23
1318,3502,117,McKesson,2023-08-02
1319,1334,110,Teva,2023-05-05
1320,3018,594,Teva,2024-05-11
1321,1514,381,Teva,2023-12-08
1322,830,168,K&F,2023-10-20
1323,3038,438,McMahon,2023-03-06
1324,24,708,Apotex,2023-05-18
1325,3123,511,Teva,2024-12-15
1326,2258,390,K&F,2023-06-07
1327,4647,133,McMahon,2023-10-16
1328,3819,247,K&F,2024-11-14
1329,410,390,Teva,2023-07-05
1330,4431,536,McKesson,2024-09-25
1331,1090,414,McKesson,2023-03-16
1332,2576,750,McKesson,2024-12-27
1333,2791,618,K&F,2023-08-30
1334,4736,472,McMahon,2024-11-26
1335,3843,544,Teva,2024-12-05
1336,887,479,McKesson,2023-05-29
1337,3506,634,Teva,2023-03-10
1338,2918,444,K&F,2024-02-15
1339,1676,474,McKesson,2023-08-08
1340,2812,162,Apotex,2023-07-19
1341,771,131,K&F,2023-08-26
1342,2394,331,K&F,2023-09-03
1343,1671,236,McMahon,2023-04-19
1344,3815,605,McKesson,2023-10-04
1345,907,423,Teva,2023-10-18
1346,2692,489,K&F,2023-03-14
1347,2743,460,Apotex,2023-03-06
1348,855,708,K&F,2024-04-06
1349,4850,434,McMahon,2023-02-15
1350,3404,283,K&F,2024-11-15
1351,4540,252,Teva,2024-11-14
1352,3530,254,McKesson,2024-06-22
1353,1138,764,McMahon,2023-11-11
1354,4410,556,McMahon,2024-10-16
1355,2276,648,McKesson,2024-06-19
1356,1155,151,McMahon,2023-03-30
1357,122,319,K&F,2023-06-11
1358,1082,775,McKesson,2023-08-20
1359,3548,526,K&F,2024-02-08
1360,4559,639,McMahon,2024-07-14
1361,2718,156,K&F,2023-07-20
1362,3939,297,McKesson,2023-05-20
1363,2885,683,K&F,2024-01-01
1364,3429,598,McMahon,2023-02-13
1365,2518,145,McMahon,2024-01-11
1366,4689,240,K&F,2024-04-29
1367,1484,185,McKesson,2024-11-23
1368,2224,423,K&F,2023-08-10
1369,3866,164,Teva,2023-02-27
1370,2668,736,McMahon,2023-11-12
1371,4332,111,McMahon,2023-05-07
1372,901,777,Teva,2023-06-04
1373,1744,431,Apotex,2023-11-13
1374,3097,649,McMahon,2024-08-13
1375,3026,644,Apotex,2024-11-19
1376,3210,208,Teva,2023-02-04
1377,1421,533,Teva,2023-05-15
1378,4099,211,Teva,2024-02-09
1379,3469,104,McMahon,2023-06-27
1380,739,236,K&F,2024-09-26
1381,1035,746,McMahon,2024-08-24
1382,3875,304,McMahon,2023-03-26
1383,1620,534,Teva,2024-09-19
1384,736,764,McMahon,2023-04-24
1385,539,395,Teva,2024-08-24
1386,3074,794,K&F,2024-06-12
1387,3039,678,Teva,2023-09-18
1388,949,184,Apotex,2024-12-04
1389,3485,782,McMahon,2024-04-27
1390,798,736,McKesson,2023-03-31
1391,2331,212,Teva,2024-03-19
1392,3129,112,K&F,2024-12-27
1393,2180,464,Teva,2024-11-19
1394,1594,608,Apotex,2023-05-12
1395,1862,607,K&F,2024-08-08
1396,1382,222,K&F,2024-11-21
1397,2647,319,McMahon,2023-07-11
1398,1597,411,K&F,2024-01-20
1399,4145,310,McKesson,2023-09-16
1400,1212,334,Teva,2023-10-25
1401,2537,157,McKesson,2023-04-09
1402,514,224,McKesson,2023-12-09
1403,2406,636,Apotex,2024-01-15
1404,799,685,Teva,2024-02-14
1405,4258,247,McMahon,2024-02-05
1406,4753,443,Teva,2024-06-05
1407,351,123,McKesson,2024-07-11
1408,2149,782,K&F,2023-09-04
1409,3833,615,Teva,2024-08-09
1410,2459,503,Teva,2024-04-05
1411,3488,464,Apotex,2024-07-01
1412,3265,234,Apotex,2024-06-16
1413,1030,676,Apotex,2023-08-16
1414,2240,199,K&F,2024-05-23
1415,4135,385,McKesson,2024-07-11
1416,4003,397,K&F,2023-10-31
1417,1774,445,K&F,2024-06-22
1418,606,175,Teva,2023-09-08
1419,880,508,McKesson,2023-03-18
1420,301,234,Teva,2023-07-17
1421,3859,271,Apotex,2024-03-19
1422,1330,332,K&F,2023-08-21
1423,3345,467,K&F,2024-08-10
1424,2198,527,Teva,2024-04-17
1425,2063,211,McKesson,2024-06-06
1426,3568,711,McKesson,2024-08-28
1427,1763,149,McMahon,2023-01-16
1428,508,345,Apotex,2023-08-21
1429,2926,528,McKesson,2023-10-15
1430,1793,621,K&F,2024-03-04
1431,4952,671,Apotex,2024-03-01
1432,1028,542,Apotex,2023-12-31
1433,98,600,K&F,2023-10-16
1434,2467,402,Teva,2023-06-26
1435,1831,128,K&F,2024-03-11
1436,1418,576,Apotex,2024-03-01
1437,4991,272,Apotex,2024-03-09
1438,691,795,Teva,2024-04-05
1439,1398,145,Teva,2023-07-18
1440,4858,123,McKesson,2023-05-29
1441,822,263,McMahon,2024-03-13
1442,1717,593,Apotex,2024-10-23
1443,1056,530,McMahon,2023-04-22
1444,3589,337,McMahon,2024-05-16
1445,2373,729,Apotex,2023-05-26
1446,3395,668,McKesson,2024-09-11
1447,852,223,K&F,2023-11-08
1448,4412,576,McKesson,2024-03-16
1449,4228,389,K&F,2023-01-29
1450,1702,512,McMahon,2023-11-05
1451,293,277,K&F,2024-09-17
1452,2223,718,Teva,2023-05-26
1453,632,287,Teva,2024-02-12
1454,3889,445,McMahon,2024-11-04
1455,1333,300,McKesson,2024-07-29
1456,2229,189,Apotex,2024-03-23
1457,2642,300,McMahon,2023-03-03
1458,4561,152,Teva,2024-04-27
1459,2867,564,McKesson,2023-10-18
1460,1006,120,McKesson,2024-08-28
1461,1435,586,Apotex,2023-08-08
1462,3358,295,Teva,2024-05-04
1463,3509,741,McMahon,2024-08-10
1464,3424,626,K&F,2024-06-15
1465,3233,113,K&F,2024-11-07
1466,2144,235,Teva,2024-08-30
1467,3678,189,Apotex,2024-12-09
1468,2424,545,McMahon,2023-08-16
1469,4418,767,McKesson,2024-04-28
1470,4307,707,Teva,2024-12-28
1471,3915,321,Teva,2023-12-02
1472,4777,299,Teva,2024-04-17
1473,1379,652,Apotex,2024-04-21
1474,2211,128,McKesson,2024-02-05
1475,4792,735,McMahon,2024-06-09
1476,2558,127,K&F,2024-10-14
1477,2244,665,Apotex,2023-06-17
1478,3294,348,McMahon,2023-01-07
1479,268,535,McKesson,2024-01-20
1480,4946,379,Apotex,2024-08-24
1481,4260,379,K&F,2024-01-21
1482,2038,384,McMahon,2024-05-24
1483,4285,295,Teva,2023-10-15
1484,3611,218,K&F,2024-04-02
1485,2522,467,Apotex,2024-10-21
1486,4448,157,Apotex,2024-05-19
1487,3853,335,McMahon,2023-09-30
1488,3308,272,Teva,2023-12-17
1489,1261,131,McKesson,2024-11-27
1490,2339,497,McMahon,2023-12-05
1491,4208,658,Apotex,2023-05-27
1492,1921,724,Apotex,2023-06-02
1493,494,476,Apotex,2024-05-28
1494,921,129,Teva,2024-03-27
1495,3216,561,K&F,2024-12-22
1496,3614,630,K&F,2023-11-27
1497,564,105,Apotex,2024-03-28
1498,133,664,K&F,2023-09-25
1499,2305,415,Teva,2023-03-22
1500,3916,274,McKesson,2024-05-04
